LAPTOPS,PRICE
ASUS Chromebook CX14 Intel Celeron Dual Core N50 - (4 GB/64 GB EMMC Storage/Chrome OS) CX1405CTA-S6062...,"₹16,990"
ASUS Chromebook CX14 Intel Celeron Dual Core N50 - (4 GB/64 GB EMMC Storage/Chrome OS) CX1405CTA-S6062...,"₹59,990"
ASUS Chromebook CX14 Intel Celeron Dual Core N50 - (4 GB/64 GB EMMC Storage/Chrome OS) CX1405CTA-S6062...,"₹45,980"
ASUS Chromebook CX14 Intel Celeron Dual Core N50 - (4 GB/64 GB EMMC Storage/Chrome OS) CX1405CTA-S6062...,"₹39,990"
ASUS Chromebook CX14 Intel Celeron Dual Core N50 - (4 GB/64 GB EMMC Storage/Chrome OS) CX1405CTA-S6062...,"₹49,990"
ASUS Chromebook CX14 Intel Celeron Dual Core N50 - (4 GB/64 GB EMMC Storage/Chrome OS) CX1405CTA-S6062...,"₹20,990"
ASUS Chromebook CX14 Intel Celeron Dual Core N50 - (4 GB/64 GB EMMC Storage/Chrome OS) CX1405CTA-S6062...,"₹16,990"
ASUS Chromebook CX14 Intel Celeron Dual Core N50 - (4 GB/64 GB EMMC Storage/Chrome OS) CX1405CTA-S6062...,"₹59,990"
ASUS Chromebook CX14 Intel Celeron Dual Core N50 - (4 GB/64 GB EMMC Storage/Chrome OS) CX1405CTA-S6062...,"₹59,990"
ASUS Chromebook CX14 Intel Celeron Dual Core N50 - (4 GB/64 GB EMMC Storage/Chrome OS) CX1405CTA-S6062...,"₹44,990"
ASUS Chromebook CX14 Intel Celeron Dual Core N50 - (4 GB/64 GB EMMC Storage/Chrome OS) CX1405CTA-S6062...,"₹14,990"
ASUS Chromebook CX14 Intel Celeron Dual Core N50 - (4 GB/64 GB EMMC Storage/Chrome OS) CX1405CTA-S6062...,"₹15,990"
ASUS Chromebook CX14 Intel Celeron Dual Core N50 - (4 GB/64 GB EMMC Storage/Chrome OS) CX1405CTA-S6062...,"₹24,490"
ASUS Chromebook CX14 Intel Celeron Dual Core N50 - (4 GB/64 GB EMMC Storage/Chrome OS) CX1405CTA-S6062...,"₹46,990"
ASUS Chromebook CX14 Intel Celeron Dual Core N50 - (4 GB/64 GB EMMC Storage/Chrome OS) CX1405CTA-S6062...,"₹49,990"
ASUS Chromebook CX14 Intel Celeron Dual Core N50 - (4 GB/64 GB EMMC Storage/Chrome OS) CX1405CTA-S6062...,"₹45,990"
ASUS Chromebook CX14 Intel Celeron Dual Core N50 - (4 GB/64 GB EMMC Storage/Chrome OS) CX1405CTA-S6062...,"₹17,990"
ASUS Chromebook CX14 Intel Celeron Dual Core N50 - (4 GB/64 GB EMMC Storage/Chrome OS) CX1405CTA-S6062...,"₹59,990"
ASUS Chromebook CX14 Intel Celeron Dual Core N50 - (4 GB/64 GB EMMC Storage/Chrome OS) CX1405CTA-S6062...,"₹64,990"
ASUS Chromebook CX14 Intel Celeron Dual Core N50 - (4 GB/64 GB EMMC Storage/Chrome OS) CX1405CTA-S6062...,"₹69,990"
ASUS Chromebook CX14 Intel Celeron Dual Core N50 - (4 GB/64 GB EMMC Storage/Chrome OS) CX1405CTA-S6062...,"₹67,990"
ASUS Chromebook CX14 Intel Celeron Dual Core N50 - (4 GB/64 GB EMMC Storage/Chrome OS) CX1405CTA-S6062...,"₹59,999"
ASUS Chromebook CX14 Intel Celeron Dual Core N50 - (4 GB/64 GB EMMC Storage/Chrome OS) CX1405CTA-S6062...,"₹54,990"
ASUS Chromebook CX14 Intel Celeron Dual Core N50 - (4 GB/64 GB EMMC Storage/Chrome OS) CX1405CTA-S6062...,"₹69,990"
ASUS Chromebook CX14 Intel Celeron Dual Core N50 - (4 GB/64 GB EMMC Storage/Chrome OS) CX1405CTA-S6062...,
ASUS Chromebook CX14 Intel Celeron Dual Core N50 - (4 GB/64 GB EMMC Storage/Chrome OS) CX1405CTA-S6062...,
MOTOROLA Motobook 60 Pro Full Metal OLED AI PC Intel Core Ultra 5 225H - (16 GB/512 GB SSD/Windows 11 ...,"₹16,990"
MOTOROLA Motobook 60 Pro Full Metal OLED AI PC Intel Core Ultra 5 225H - (16 GB/512 GB SSD/Windows 11 ...,"₹59,990"
MOTOROLA Motobook 60 Pro Full Metal OLED AI PC Intel Core Ultra 5 225H - (16 GB/512 GB SSD/Windows 11 ...,"₹45,980"
MOTOROLA Motobook 60 Pro Full Metal OLED AI PC Intel Core Ultra 5 225H - (16 GB/512 GB SSD/Windows 11 ...,"₹39,990"
MOTOROLA Motobook 60 Pro Full Metal OLED AI PC Intel Core Ultra 5 225H - (16 GB/512 GB SSD/Windows 11 ...,"₹49,990"
MOTOROLA Motobook 60 Pro Full Metal OLED AI PC Intel Core Ultra 5 225H - (16 GB/512 GB SSD/Windows 11 ...,"₹20,990"
MOTOROLA Motobook 60 Pro Full Metal OLED AI PC Intel Core Ultra 5 225H - (16 GB/512 GB SSD/Windows 11 ...,"₹16,990"
MOTOROLA Motobook 60 Pro Full Metal OLED AI PC Intel Core Ultra 5 225H - (16 GB/512 GB SSD/Windows 11 ...,"₹59,990"
MOTOROLA Motobook 60 Pro Full Metal OLED AI PC Intel Core Ultra 5 225H - (16 GB/512 GB SSD/Windows 11 ...,"₹59,990"
MOTOROLA Motobook 60 Pro Full Metal OLED AI PC Intel Core Ultra 5 225H - (16 GB/512 GB SSD/Windows 11 ...,"₹44,990"
MOTOROLA Motobook 60 Pro Full Metal OLED AI PC Intel Core Ultra 5 225H - (16 GB/512 GB SSD/Windows 11 ...,"₹14,990"
MOTOROLA Motobook 60 Pro Full Metal OLED AI PC Intel Core Ultra 5 225H - (16 GB/512 GB SSD/Windows 11 ...,"₹15,990"
MOTOROLA Motobook 60 Pro Full Metal OLED AI PC Intel Core Ultra 5 225H - (16 GB/512 GB SSD/Windows 11 ...,"₹24,490"
MOTOROLA Motobook 60 Pro Full Metal OLED AI PC Intel Core Ultra 5 225H - (16 GB/512 GB SSD/Windows 11 ...,"₹46,990"
MOTOROLA Motobook 60 Pro Full Metal OLED AI PC Intel Core Ultra 5 225H - (16 GB/512 GB SSD/Windows 11 ...,"₹49,990"
MOTOROLA Motobook 60 Pro Full Metal OLED AI PC Intel Core Ultra 5 225H - (16 GB/512 GB SSD/Windows 11 ...,"₹45,990"
MOTOROLA Motobook 60 Pro Full Metal OLED AI PC Intel Core Ultra 5 225H - (16 GB/512 GB SSD/Windows 11 ...,"₹17,990"
MOTOROLA Motobook 60 Pro Full Metal OLED AI PC Intel Core Ultra 5 225H - (16 GB/512 GB SSD/Windows 11 ...,"₹59,990"
MOTOROLA Motobook 60 Pro Full Metal OLED AI PC Intel Core Ultra 5 225H - (16 GB/512 GB SSD/Windows 11 ...,"₹64,990"
MOTOROLA Motobook 60 Pro Full Metal OLED AI PC Intel Core Ultra 5 225H - (16 GB/512 GB SSD/Windows 11 ...,"₹69,990"
MOTOROLA Motobook 60 Pro Full Metal OLED AI PC Intel Core Ultra 5 225H - (16 GB/512 GB SSD/Windows 11 ...,"₹67,990"
MOTOROLA Motobook 60 Pro Full Metal OLED AI PC Intel Core Ultra 5 225H - (16 GB/512 GB SSD/Windows 11 ...,"₹59,999"
MOTOROLA Motobook 60 Pro Full Metal OLED AI PC Intel Core Ultra 5 225H - (16 GB/512 GB SSD/Windows 11 ...,"₹54,990"
MOTOROLA Motobook 60 Pro Full Metal OLED AI PC Intel Core Ultra 5 225H - (16 GB/512 GB SSD/Windows 11 ...,"₹69,990"
MOTOROLA Motobook 60 Pro Full Metal OLED AI PC Intel Core Ultra 5 225H - (16 GB/512 GB SSD/Windows 11 ...,
MOTOROLA Motobook 60 Pro Full Metal OLED AI PC Intel Core Ultra 5 225H - (16 GB/512 GB SSD/Windows 11 ...,
DELL Inspiron 5440 (2026) (i3 14th Gen) Intel Core 3 14th Gen 100U - (8 GB/512 GB SSD/Windows 11 Home)...,"₹16,990"
DELL Inspiron 5440 (2026) (i3 14th Gen) Intel Core 3 14th Gen 100U - (8 GB/512 GB SSD/Windows 11 Home)...,"₹59,990"
DELL Inspiron 5440 (2026) (i3 14th Gen) Intel Core 3 14th Gen 100U - (8 GB/512 GB SSD/Windows 11 Home)...,"₹45,980"
DELL Inspiron 5440 (2026) (i3 14th Gen) Intel Core 3 14th Gen 100U - (8 GB/512 GB SSD/Windows 11 Home)...,"₹39,990"
DELL Inspiron 5440 (2026) (i3 14th Gen) Intel Core 3 14th Gen 100U - (8 GB/512 GB SSD/Windows 11 Home)...,"₹49,990"
DELL Inspiron 5440 (2026) (i3 14th Gen) Intel Core 3 14th Gen 100U - (8 GB/512 GB SSD/Windows 11 Home)...,"₹20,990"
DELL Inspiron 5440 (2026) (i3 14th Gen) Intel Core 3 14th Gen 100U - (8 GB/512 GB SSD/Windows 11 Home)...,"₹16,990"
DELL Inspiron 5440 (2026) (i3 14th Gen) Intel Core 3 14th Gen 100U - (8 GB/512 GB SSD/Windows 11 Home)...,"₹59,990"
DELL Inspiron 5440 (2026) (i3 14th Gen) Intel Core 3 14th Gen 100U - (8 GB/512 GB SSD/Windows 11 Home)...,"₹59,990"
DELL Inspiron 5440 (2026) (i3 14th Gen) Intel Core 3 14th Gen 100U - (8 GB/512 GB SSD/Windows 11 Home)...,"₹44,990"
DELL Inspiron 5440 (2026) (i3 14th Gen) Intel Core 3 14th Gen 100U - (8 GB/512 GB SSD/Windows 11 Home)...,"₹14,990"
DELL Inspiron 5440 (2026) (i3 14th Gen) Intel Core 3 14th Gen 100U - (8 GB/512 GB SSD/Windows 11 Home)...,"₹15,990"
DELL Inspiron 5440 (2026) (i3 14th Gen) Intel Core 3 14th Gen 100U - (8 GB/512 GB SSD/Windows 11 Home)...,"₹24,490"
DELL Inspiron 5440 (2026) (i3 14th Gen) Intel Core 3 14th Gen 100U - (8 GB/512 GB SSD/Windows 11 Home)...,"₹46,990"
DELL Inspiron 5440 (2026) (i3 14th Gen) Intel Core 3 14th Gen 100U - (8 GB/512 GB SSD/Windows 11 Home)...,"₹49,990"
DELL Inspiron 5440 (2026) (i3 14th Gen) Intel Core 3 14th Gen 100U - (8 GB/512 GB SSD/Windows 11 Home)...,"₹45,990"
DELL Inspiron 5440 (2026) (i3 14th Gen) Intel Core 3 14th Gen 100U - (8 GB/512 GB SSD/Windows 11 Home)...,"₹17,990"
DELL Inspiron 5440 (2026) (i3 14th Gen) Intel Core 3 14th Gen 100U - (8 GB/512 GB SSD/Windows 11 Home)...,"₹59,990"
DELL Inspiron 5440 (2026) (i3 14th Gen) Intel Core 3 14th Gen 100U - (8 GB/512 GB SSD/Windows 11 Home)...,"₹64,990"
DELL Inspiron 5440 (2026) (i3 14th Gen) Intel Core 3 14th Gen 100U - (8 GB/512 GB SSD/Windows 11 Home)...,"₹69,990"
DELL Inspiron 5440 (2026) (i3 14th Gen) Intel Core 3 14th Gen 100U - (8 GB/512 GB SSD/Windows 11 Home)...,"₹67,990"
DELL Inspiron 5440 (2026) (i3 14th Gen) Intel Core 3 14th Gen 100U - (8 GB/512 GB SSD/Windows 11 Home)...,"₹59,999"
DELL Inspiron 5440 (2026) (i3 14th Gen) Intel Core 3 14th Gen 100U - (8 GB/512 GB SSD/Windows 11 Home)...,"₹54,990"
DELL Inspiron 5440 (2026) (i3 14th Gen) Intel Core 3 14th Gen 100U - (8 GB/512 GB SSD/Windows 11 Home)...,"₹69,990"
DELL Inspiron 5440 (2026) (i3 14th Gen) Intel Core 3 14th Gen 100U - (8 GB/512 GB SSD/Windows 11 Home)...,
DELL Inspiron 5440 (2026) (i3 14th Gen) Intel Core 3 14th Gen 100U - (8 GB/512 GB SSD/Windows 11 Home)...,
Acer Aspire Lite AMD Ryzen 3 Quad Core 5300U - (8 GB/512 GB SSD/Windows 11 Home) AL15-41 Thin and Ligh...,"₹16,990"
Acer Aspire Lite AMD Ryzen 3 Quad Core 5300U - (8 GB/512 GB SSD/Windows 11 Home) AL15-41 Thin and Ligh...,"₹59,990"
Acer Aspire Lite AMD Ryzen 3 Quad Core 5300U - (8 GB/512 GB SSD/Windows 11 Home) AL15-41 Thin and Ligh...,"₹45,980"
Acer Aspire Lite AMD Ryzen 3 Quad Core 5300U - (8 GB/512 GB SSD/Windows 11 Home) AL15-41 Thin and Ligh...,"₹39,990"
Acer Aspire Lite AMD Ryzen 3 Quad Core 5300U - (8 GB/512 GB SSD/Windows 11 Home) AL15-41 Thin and Ligh...,"₹49,990"
Acer Aspire Lite AMD Ryzen 3 Quad Core 5300U - (8 GB/512 GB SSD/Windows 11 Home) AL15-41 Thin and Ligh...,"₹20,990"
Acer Aspire Lite AMD Ryzen 3 Quad Core 5300U - (8 GB/512 GB SSD/Windows 11 Home) AL15-41 Thin and Ligh...,"₹16,990"
Acer Aspire Lite AMD Ryzen 3 Quad Core 5300U - (8 GB/512 GB SSD/Windows 11 Home) AL15-41 Thin and Ligh...,"₹59,990"
Acer Aspire Lite AMD Ryzen 3 Quad Core 5300U - (8 GB/512 GB SSD/Windows 11 Home) AL15-41 Thin and Ligh...,"₹59,990"
Acer Aspire Lite AMD Ryzen 3 Quad Core 5300U - (8 GB/512 GB SSD/Windows 11 Home) AL15-41 Thin and Ligh...,"₹44,990"
Acer Aspire Lite AMD Ryzen 3 Quad Core 5300U - (8 GB/512 GB SSD/Windows 11 Home) AL15-41 Thin and Ligh...,"₹14,990"
Acer Aspire Lite AMD Ryzen 3 Quad Core 5300U - (8 GB/512 GB SSD/Windows 11 Home) AL15-41 Thin and Ligh...,"₹15,990"
Acer Aspire Lite AMD Ryzen 3 Quad Core 5300U - (8 GB/512 GB SSD/Windows 11 Home) AL15-41 Thin and Ligh...,"₹24,490"
Acer Aspire Lite AMD Ryzen 3 Quad Core 5300U - (8 GB/512 GB SSD/Windows 11 Home) AL15-41 Thin and Ligh...,"₹46,990"
Acer Aspire Lite AMD Ryzen 3 Quad Core 5300U - (8 GB/512 GB SSD/Windows 11 Home) AL15-41 Thin and Ligh...,"₹49,990"
Acer Aspire Lite AMD Ryzen 3 Quad Core 5300U - (8 GB/512 GB SSD/Windows 11 Home) AL15-41 Thin and Ligh...,"₹45,990"
Acer Aspire Lite AMD Ryzen 3 Quad Core 5300U - (8 GB/512 GB SSD/Windows 11 Home) AL15-41 Thin and Ligh...,"₹17,990"
Acer Aspire Lite AMD Ryzen 3 Quad Core 5300U - (8 GB/512 GB SSD/Windows 11 Home) AL15-41 Thin and Ligh...,"₹59,990"
Acer Aspire Lite AMD Ryzen 3 Quad Core 5300U - (8 GB/512 GB SSD/Windows 11 Home) AL15-41 Thin and Ligh...,"₹64,990"
Acer Aspire Lite AMD Ryzen 3 Quad Core 5300U - (8 GB/512 GB SSD/Windows 11 Home) AL15-41 Thin and Ligh...,"₹69,990"
Acer Aspire Lite AMD Ryzen 3 Quad Core 5300U - (8 GB/512 GB SSD/Windows 11 Home) AL15-41 Thin and Ligh...,"₹67,990"
Acer Aspire Lite AMD Ryzen 3 Quad Core 5300U - (8 GB/512 GB SSD/Windows 11 Home) AL15-41 Thin and Ligh...,"₹59,999"
Acer Aspire Lite AMD Ryzen 3 Quad Core 5300U - (8 GB/512 GB SSD/Windows 11 Home) AL15-41 Thin and Ligh...,"₹54,990"
Acer Aspire Lite AMD Ryzen 3 Quad Core 5300U - (8 GB/512 GB SSD/Windows 11 Home) AL15-41 Thin and Ligh...,"₹69,990"
Acer Aspire Lite AMD Ryzen 3 Quad Core 5300U - (8 GB/512 GB SSD/Windows 11 Home) AL15-41 Thin and Ligh...,
Acer Aspire Lite AMD Ryzen 3 Quad Core 5300U - (8 GB/512 GB SSD/Windows 11 Home) AL15-41 Thin and Ligh...,
Lenovo IdeaPad Slim 3 with 1Yr ADP AMD Ryzen 5 Quad Core 7520U - (16 GB/512 GB SSD/Windows 11 Home) 15...,"₹16,990"
Lenovo IdeaPad Slim 3 with 1Yr ADP AMD Ryzen 5 Quad Core 7520U - (16 GB/512 GB SSD/Windows 11 Home) 15...,"₹59,990"
Lenovo IdeaPad Slim 3 with 1Yr ADP AMD Ryzen 5 Quad Core 7520U - (16 GB/512 GB SSD/Windows 11 Home) 15...,"₹45,980"
Lenovo IdeaPad Slim 3 with 1Yr ADP AMD Ryzen 5 Quad Core 7520U - (16 GB/512 GB SSD/Windows 11 Home) 15...,"₹39,990"
Lenovo IdeaPad Slim 3 with 1Yr ADP AMD Ryzen 5 Quad Core 7520U - (16 GB/512 GB SSD/Windows 11 Home) 15...,"₹49,990"
Lenovo IdeaPad Slim 3 with 1Yr ADP AMD Ryzen 5 Quad Core 7520U - (16 GB/512 GB SSD/Windows 11 Home) 15...,"₹20,990"
Lenovo IdeaPad Slim 3 with 1Yr ADP AMD Ryzen 5 Quad Core 7520U - (16 GB/512 GB SSD/Windows 11 Home) 15...,"₹16,990"
Lenovo IdeaPad Slim 3 with 1Yr ADP AMD Ryzen 5 Quad Core 7520U - (16 GB/512 GB SSD/Windows 11 Home) 15...,"₹59,990"
Lenovo IdeaPad Slim 3 with 1Yr ADP AMD Ryzen 5 Quad Core 7520U - (16 GB/512 GB SSD/Windows 11 Home) 15...,"₹59,990"
Lenovo IdeaPad Slim 3 with 1Yr ADP AMD Ryzen 5 Quad Core 7520U - (16 GB/512 GB SSD/Windows 11 Home) 15...,"₹44,990"
Lenovo IdeaPad Slim 3 with 1Yr ADP AMD Ryzen 5 Quad Core 7520U - (16 GB/512 GB SSD/Windows 11 Home) 15...,"₹14,990"
Lenovo IdeaPad Slim 3 with 1Yr ADP AMD Ryzen 5 Quad Core 7520U - (16 GB/512 GB SSD/Windows 11 Home) 15...,"₹15,990"
Lenovo IdeaPad Slim 3 with 1Yr ADP AMD Ryzen 5 Quad Core 7520U - (16 GB/512 GB SSD/Windows 11 Home) 15...,"₹24,490"
Lenovo IdeaPad Slim 3 with 1Yr ADP AMD Ryzen 5 Quad Core 7520U - (16 GB/512 GB SSD/Windows 11 Home) 15...,"₹46,990"
Lenovo IdeaPad Slim 3 with 1Yr ADP AMD Ryzen 5 Quad Core 7520U - (16 GB/512 GB SSD/Windows 11 Home) 15...,"₹49,990"
Lenovo IdeaPad Slim 3 with 1Yr ADP AMD Ryzen 5 Quad Core 7520U - (16 GB/512 GB SSD/Windows 11 Home) 15...,"₹45,990"
Lenovo IdeaPad Slim 3 with 1Yr ADP AMD Ryzen 5 Quad Core 7520U - (16 GB/512 GB SSD/Windows 11 Home) 15...,"₹17,990"
Lenovo IdeaPad Slim 3 with 1Yr ADP AMD Ryzen 5 Quad Core 7520U - (16 GB/512 GB SSD/Windows 11 Home) 15...,"₹59,990"
Lenovo IdeaPad Slim 3 with 1Yr ADP AMD Ryzen 5 Quad Core 7520U - (16 GB/512 GB SSD/Windows 11 Home) 15...,"₹64,990"
Lenovo IdeaPad Slim 3 with 1Yr ADP AMD Ryzen 5 Quad Core 7520U - (16 GB/512 GB SSD/Windows 11 Home) 15...,"₹69,990"
Lenovo IdeaPad Slim 3 with 1Yr ADP AMD Ryzen 5 Quad Core 7520U - (16 GB/512 GB SSD/Windows 11 Home) 15...,"₹67,990"
Lenovo IdeaPad Slim 3 with 1Yr ADP AMD Ryzen 5 Quad Core 7520U - (16 GB/512 GB SSD/Windows 11 Home) 15...,"₹59,999"
Lenovo IdeaPad Slim 3 with 1Yr ADP AMD Ryzen 5 Quad Core 7520U - (16 GB/512 GB SSD/Windows 11 Home) 15...,"₹54,990"
Lenovo IdeaPad Slim 3 with 1Yr ADP AMD Ryzen 5 Quad Core 7520U - (16 GB/512 GB SSD/Windows 11 Home) 15...,"₹69,990"
Lenovo IdeaPad Slim 3 with 1Yr ADP AMD Ryzen 5 Quad Core 7520U - (16 GB/512 GB SSD/Windows 11 Home) 15...,
Lenovo IdeaPad Slim 3 with 1Yr ADP AMD Ryzen 5 Quad Core 7520U - (16 GB/512 GB SSD/Windows 11 Home) 15...,
Lenovo Chromebook MediaTek Kompanio 520 - (4 GB/128 GB EMMC Storage/Chrome OS) 14M868 Chromebook,"₹16,990"
Lenovo Chromebook MediaTek Kompanio 520 - (4 GB/128 GB EMMC Storage/Chrome OS) 14M868 Chromebook,"₹59,990"
Lenovo Chromebook MediaTek Kompanio 520 - (4 GB/128 GB EMMC Storage/Chrome OS) 14M868 Chromebook,"₹45,980"
Lenovo Chromebook MediaTek Kompanio 520 - (4 GB/128 GB EMMC Storage/Chrome OS) 14M868 Chromebook,"₹39,990"
Lenovo Chromebook MediaTek Kompanio 520 - (4 GB/128 GB EMMC Storage/Chrome OS) 14M868 Chromebook,"₹49,990"
Lenovo Chromebook MediaTek Kompanio 520 - (4 GB/128 GB EMMC Storage/Chrome OS) 14M868 Chromebook,"₹20,990"
Lenovo Chromebook MediaTek Kompanio 520 - (4 GB/128 GB EMMC Storage/Chrome OS) 14M868 Chromebook,"₹16,990"
Lenovo Chromebook MediaTek Kompanio 520 - (4 GB/128 GB EMMC Storage/Chrome OS) 14M868 Chromebook,"₹59,990"
Lenovo Chromebook MediaTek Kompanio 520 - (4 GB/128 GB EMMC Storage/Chrome OS) 14M868 Chromebook,"₹59,990"
Lenovo Chromebook MediaTek Kompanio 520 - (4 GB/128 GB EMMC Storage/Chrome OS) 14M868 Chromebook,"₹44,990"
Lenovo Chromebook MediaTek Kompanio 520 - (4 GB/128 GB EMMC Storage/Chrome OS) 14M868 Chromebook,"₹14,990"
Lenovo Chromebook MediaTek Kompanio 520 - (4 GB/128 GB EMMC Storage/Chrome OS) 14M868 Chromebook,"₹15,990"
Lenovo Chromebook MediaTek Kompanio 520 - (4 GB/128 GB EMMC Storage/Chrome OS) 14M868 Chromebook,"₹24,490"
Lenovo Chromebook MediaTek Kompanio 520 - (4 GB/128 GB EMMC Storage/Chrome OS) 14M868 Chromebook,"₹46,990"
Lenovo Chromebook MediaTek Kompanio 520 - (4 GB/128 GB EMMC Storage/Chrome OS) 14M868 Chromebook,"₹49,990"
Lenovo Chromebook MediaTek Kompanio 520 - (4 GB/128 GB EMMC Storage/Chrome OS) 14M868 Chromebook,"₹45,990"
Lenovo Chromebook MediaTek Kompanio 520 - (4 GB/128 GB EMMC Storage/Chrome OS) 14M868 Chromebook,"₹17,990"
Lenovo Chromebook MediaTek Kompanio 520 - (4 GB/128 GB EMMC Storage/Chrome OS) 14M868 Chromebook,"₹59,990"
Lenovo Chromebook MediaTek Kompanio 520 - (4 GB/128 GB EMMC Storage/Chrome OS) 14M868 Chromebook,"₹64,990"
Lenovo Chromebook MediaTek Kompanio 520 - (4 GB/128 GB EMMC Storage/Chrome OS) 14M868 Chromebook,"₹69,990"
Lenovo Chromebook MediaTek Kompanio 520 - (4 GB/128 GB EMMC Storage/Chrome OS) 14M868 Chromebook,"₹67,990"
Lenovo Chromebook MediaTek Kompanio 520 - (4 GB/128 GB EMMC Storage/Chrome OS) 14M868 Chromebook,"₹59,999"
Lenovo Chromebook MediaTek Kompanio 520 - (4 GB/128 GB EMMC Storage/Chrome OS) 14M868 Chromebook,"₹54,990"
Lenovo Chromebook MediaTek Kompanio 520 - (4 GB/128 GB EMMC Storage/Chrome OS) 14M868 Chromebook,"₹69,990"
Lenovo Chromebook MediaTek Kompanio 520 - (4 GB/128 GB EMMC Storage/Chrome OS) 14M868 Chromebook,
Lenovo Chromebook MediaTek Kompanio 520 - (4 GB/128 GB EMMC Storage/Chrome OS) 14M868 Chromebook,
Ultimus Apex Pro Intel Pentium Quad Core - (4 GB/128 GB SSD/128 GB EMMC Storage/Windows 11 Home) NU14U...,"₹16,990"
Ultimus Apex Pro Intel Pentium Quad Core - (4 GB/128 GB SSD/128 GB EMMC Storage/Windows 11 Home) NU14U...,"₹59,990"
Ultimus Apex Pro Intel Pentium Quad Core - (4 GB/128 GB SSD/128 GB EMMC Storage/Windows 11 Home) NU14U...,"₹45,980"
Ultimus Apex Pro Intel Pentium Quad Core - (4 GB/128 GB SSD/128 GB EMMC Storage/Windows 11 Home) NU14U...,"₹39,990"
Ultimus Apex Pro Intel Pentium Quad Core - (4 GB/128 GB SSD/128 GB EMMC Storage/Windows 11 Home) NU14U...,"₹49,990"
Ultimus Apex Pro Intel Pentium Quad Core - (4 GB/128 GB SSD/128 GB EMMC Storage/Windows 11 Home) NU14U...,"₹20,990"
Ultimus Apex Pro Intel Pentium Quad Core - (4 GB/128 GB SSD/128 GB EMMC Storage/Windows 11 Home) NU14U...,"₹16,990"
Ultimus Apex Pro Intel Pentium Quad Core - (4 GB/128 GB SSD/128 GB EMMC Storage/Windows 11 Home) NU14U...,"₹59,990"
Ultimus Apex Pro Intel Pentium Quad Core - (4 GB/128 GB SSD/128 GB EMMC Storage/Windows 11 Home) NU14U...,"₹59,990"
Ultimus Apex Pro Intel Pentium Quad Core - (4 GB/128 GB SSD/128 GB EMMC Storage/Windows 11 Home) NU14U...,"₹44,990"
Ultimus Apex Pro Intel Pentium Quad Core - (4 GB/128 GB SSD/128 GB EMMC Storage/Windows 11 Home) NU14U...,"₹14,990"
Ultimus Apex Pro Intel Pentium Quad Core - (4 GB/128 GB SSD/128 GB EMMC Storage/Windows 11 Home) NU14U...,"₹15,990"
Ultimus Apex Pro Intel Pentium Quad Core - (4 GB/128 GB SSD/128 GB EMMC Storage/Windows 11 Home) NU14U...,"₹24,490"
Ultimus Apex Pro Intel Pentium Quad Core - (4 GB/128 GB SSD/128 GB EMMC Storage/Windows 11 Home) NU14U...,"₹46,990"
Ultimus Apex Pro Intel Pentium Quad Core - (4 GB/128 GB SSD/128 GB EMMC Storage/Windows 11 Home) NU14U...,"₹49,990"
Ultimus Apex Pro Intel Pentium Quad Core - (4 GB/128 GB SSD/128 GB EMMC Storage/Windows 11 Home) NU14U...,"₹45,990"
Ultimus Apex Pro Intel Pentium Quad Core - (4 GB/128 GB SSD/128 GB EMMC Storage/Windows 11 Home) NU14U...,"₹17,990"
Ultimus Apex Pro Intel Pentium Quad Core - (4 GB/128 GB SSD/128 GB EMMC Storage/Windows 11 Home) NU14U...,"₹59,990"
Ultimus Apex Pro Intel Pentium Quad Core - (4 GB/128 GB SSD/128 GB EMMC Storage/Windows 11 Home) NU14U...,"₹64,990"
Ultimus Apex Pro Intel Pentium Quad Core - (4 GB/128 GB SSD/128 GB EMMC Storage/Windows 11 Home) NU14U...,"₹69,990"
Ultimus Apex Pro Intel Pentium Quad Core - (4 GB/128 GB SSD/128 GB EMMC Storage/Windows 11 Home) NU14U...,"₹67,990"
Ultimus Apex Pro Intel Pentium Quad Core - (4 GB/128 GB SSD/128 GB EMMC Storage/Windows 11 Home) NU14U...,"₹59,999"
Ultimus Apex Pro Intel Pentium Quad Core - (4 GB/128 GB SSD/128 GB EMMC Storage/Windows 11 Home) NU14U...,"₹54,990"
Ultimus Apex Pro Intel Pentium Quad Core - (4 GB/128 GB SSD/128 GB EMMC Storage/Windows 11 Home) NU14U...,"₹69,990"
Ultimus Apex Pro Intel Pentium Quad Core - (4 GB/128 GB SSD/128 GB EMMC Storage/Windows 11 Home) NU14U...,
Ultimus Apex Pro Intel Pentium Quad Core - (4 GB/128 GB SSD/128 GB EMMC Storage/Windows 11 Home) NU14U...,
Acer Swift Neo Office 2024 + M365 Basic Intel Core Ultra 5 115U - (16 GB/1 TB SSD/Windows 11 Home) UN....,"₹16,990"
Acer Swift Neo Office 2024 + M365 Basic Intel Core Ultra 5 115U - (16 GB/1 TB SSD/Windows 11 Home) UN....,"₹59,990"
Acer Swift Neo Office 2024 + M365 Basic Intel Core Ultra 5 115U - (16 GB/1 TB SSD/Windows 11 Home) UN....,"₹45,980"
Acer Swift Neo Office 2024 + M365 Basic Intel Core Ultra 5 115U - (16 GB/1 TB SSD/Windows 11 Home) UN....,"₹39,990"
Acer Swift Neo Office 2024 + M365 Basic Intel Core Ultra 5 115U - (16 GB/1 TB SSD/Windows 11 Home) UN....,"₹49,990"
Acer Swift Neo Office 2024 + M365 Basic Intel Core Ultra 5 115U - (16 GB/1 TB SSD/Windows 11 Home) UN....,"₹20,990"
Acer Swift Neo Office 2024 + M365 Basic Intel Core Ultra 5 115U - (16 GB/1 TB SSD/Windows 11 Home) UN....,"₹16,990"
Acer Swift Neo Office 2024 + M365 Basic Intel Core Ultra 5 115U - (16 GB/1 TB SSD/Windows 11 Home) UN....,"₹59,990"
Acer Swift Neo Office 2024 + M365 Basic Intel Core Ultra 5 115U - (16 GB/1 TB SSD/Windows 11 Home) UN....,"₹59,990"
Acer Swift Neo Office 2024 + M365 Basic Intel Core Ultra 5 115U - (16 GB/1 TB SSD/Windows 11 Home) UN....,"₹44,990"
Acer Swift Neo Office 2024 + M365 Basic Intel Core Ultra 5 115U - (16 GB/1 TB SSD/Windows 11 Home) UN....,"₹14,990"
Acer Swift Neo Office 2024 + M365 Basic Intel Core Ultra 5 115U - (16 GB/1 TB SSD/Windows 11 Home) UN....,"₹15,990"
Acer Swift Neo Office 2024 + M365 Basic Intel Core Ultra 5 115U - (16 GB/1 TB SSD/Windows 11 Home) UN....,"₹24,490"
Acer Swift Neo Office 2024 + M365 Basic Intel Core Ultra 5 115U - (16 GB/1 TB SSD/Windows 11 Home) UN....,"₹46,990"
Acer Swift Neo Office 2024 + M365 Basic Intel Core Ultra 5 115U - (16 GB/1 TB SSD/Windows 11 Home) UN....,"₹49,990"
Acer Swift Neo Office 2024 + M365 Basic Intel Core Ultra 5 115U - (16 GB/1 TB SSD/Windows 11 Home) UN....,"₹45,990"
Acer Swift Neo Office 2024 + M365 Basic Intel Core Ultra 5 115U - (16 GB/1 TB SSD/Windows 11 Home) UN....,"₹17,990"
Acer Swift Neo Office 2024 + M365 Basic Intel Core Ultra 5 115U - (16 GB/1 TB SSD/Windows 11 Home) UN....,"₹59,990"
Acer Swift Neo Office 2024 + M365 Basic Intel Core Ultra 5 115U - (16 GB/1 TB SSD/Windows 11 Home) UN....,"₹64,990"
Acer Swift Neo Office 2024 + M365 Basic Intel Core Ultra 5 115U - (16 GB/1 TB SSD/Windows 11 Home) UN....,"₹69,990"
Acer Swift Neo Office 2024 + M365 Basic Intel Core Ultra 5 115U - (16 GB/1 TB SSD/Windows 11 Home) UN....,"₹67,990"
Acer Swift Neo Office 2024 + M365 Basic Intel Core Ultra 5 115U - (16 GB/1 TB SSD/Windows 11 Home) UN....,"₹59,999"
Acer Swift Neo Office 2024 + M365 Basic Intel Core Ultra 5 115U - (16 GB/1 TB SSD/Windows 11 Home) UN....,"₹54,990"
Acer Swift Neo Office 2024 + M365 Basic Intel Core Ultra 5 115U - (16 GB/1 TB SSD/Windows 11 Home) UN....,"₹69,990"
Acer Swift Neo Office 2024 + M365 Basic Intel Core Ultra 5 115U - (16 GB/1 TB SSD/Windows 11 Home) UN....,
Acer Swift Neo Office 2024 + M365 Basic Intel Core Ultra 5 115U - (16 GB/1 TB SSD/Windows 11 Home) UN....,
Acer Aspire 14 Office 2024 + M365 Basic Intel Core i7 13th Gen 13620H - (16 GB/512 GB SSD/Windows 11 H...,"₹16,990"
Acer Aspire 14 Office 2024 + M365 Basic Intel Core i7 13th Gen 13620H - (16 GB/512 GB SSD/Windows 11 H...,"₹59,990"
Acer Aspire 14 Office 2024 + M365 Basic Intel Core i7 13th Gen 13620H - (16 GB/512 GB SSD/Windows 11 H...,"₹45,980"
Acer Aspire 14 Office 2024 + M365 Basic Intel Core i7 13th Gen 13620H - (16 GB/512 GB SSD/Windows 11 H...,"₹39,990"
Acer Aspire 14 Office 2024 + M365 Basic Intel Core i7 13th Gen 13620H - (16 GB/512 GB SSD/Windows 11 H...,"₹49,990"
Acer Aspire 14 Office 2024 + M365 Basic Intel Core i7 13th Gen 13620H - (16 GB/512 GB SSD/Windows 11 H...,"₹20,990"
Acer Aspire 14 Office 2024 + M365 Basic Intel Core i7 13th Gen 13620H - (16 GB/512 GB SSD/Windows 11 H...,"₹16,990"
Acer Aspire 14 Office 2024 + M365 Basic Intel Core i7 13th Gen 13620H - (16 GB/512 GB SSD/Windows 11 H...,"₹59,990"
Acer Aspire 14 Office 2024 + M365 Basic Intel Core i7 13th Gen 13620H - (16 GB/512 GB SSD/Windows 11 H...,"₹59,990"
Acer Aspire 14 Office 2024 + M365 Basic Intel Core i7 13th Gen 13620H - (16 GB/512 GB SSD/Windows 11 H...,"₹44,990"
Acer Aspire 14 Office 2024 + M365 Basic Intel Core i7 13th Gen 13620H - (16 GB/512 GB SSD/Windows 11 H...,"₹14,990"
Acer Aspire 14 Office 2024 + M365 Basic Intel Core i7 13th Gen 13620H - (16 GB/512 GB SSD/Windows 11 H...,"₹15,990"
Acer Aspire 14 Office 2024 + M365 Basic Intel Core i7 13th Gen 13620H - (16 GB/512 GB SSD/Windows 11 H...,"₹24,490"
Acer Aspire 14 Office 2024 + M365 Basic Intel Core i7 13th Gen 13620H - (16 GB/512 GB SSD/Windows 11 H...,"₹46,990"
Acer Aspire 14 Office 2024 + M365 Basic Intel Core i7 13th Gen 13620H - (16 GB/512 GB SSD/Windows 11 H...,"₹49,990"
Acer Aspire 14 Office 2024 + M365 Basic Intel Core i7 13th Gen 13620H - (16 GB/512 GB SSD/Windows 11 H...,"₹45,990"
Acer Aspire 14 Office 2024 + M365 Basic Intel Core i7 13th Gen 13620H - (16 GB/512 GB SSD/Windows 11 H...,"₹17,990"
Acer Aspire 14 Office 2024 + M365 Basic Intel Core i7 13th Gen 13620H - (16 GB/512 GB SSD/Windows 11 H...,"₹59,990"
Acer Aspire 14 Office 2024 + M365 Basic Intel Core i7 13th Gen 13620H - (16 GB/512 GB SSD/Windows 11 H...,"₹64,990"
Acer Aspire 14 Office 2024 + M365 Basic Intel Core i7 13th Gen 13620H - (16 GB/512 GB SSD/Windows 11 H...,"₹69,990"
Acer Aspire 14 Office 2024 + M365 Basic Intel Core i7 13th Gen 13620H - (16 GB/512 GB SSD/Windows 11 H...,"₹67,990"
Acer Aspire 14 Office 2024 + M365 Basic Intel Core i7 13th Gen 13620H - (16 GB/512 GB SSD/Windows 11 H...,"₹59,999"
Acer Aspire 14 Office 2024 + M365 Basic Intel Core i7 13th Gen 13620H - (16 GB/512 GB SSD/Windows 11 H...,"₹54,990"
Acer Aspire 14 Office 2024 + M365 Basic Intel Core i7 13th Gen 13620H - (16 GB/512 GB SSD/Windows 11 H...,"₹69,990"
Acer Aspire 14 Office 2024 + M365 Basic Intel Core i7 13th Gen 13620H - (16 GB/512 GB SSD/Windows 11 H...,
Acer Aspire 14 Office 2024 + M365 Basic Intel Core i7 13th Gen 13620H - (16 GB/512 GB SSD/Windows 11 H...,
HP 15 (i3 14th Gen) Intel Core 3 100U - (8 GB/512 GB SSD/Windows 11 Home) 15-fd1253TU/ 15-fd1225TU Thi...,"₹16,990"
HP 15 (i3 14th Gen) Intel Core 3 100U - (8 GB/512 GB SSD/Windows 11 Home) 15-fd1253TU/ 15-fd1225TU Thi...,"₹59,990"
HP 15 (i3 14th Gen) Intel Core 3 100U - (8 GB/512 GB SSD/Windows 11 Home) 15-fd1253TU/ 15-fd1225TU Thi...,"₹45,980"
HP 15 (i3 14th Gen) Intel Core 3 100U - (8 GB/512 GB SSD/Windows 11 Home) 15-fd1253TU/ 15-fd1225TU Thi...,"₹39,990"
HP 15 (i3 14th Gen) Intel Core 3 100U - (8 GB/512 GB SSD/Windows 11 Home) 15-fd1253TU/ 15-fd1225TU Thi...,"₹49,990"
HP 15 (i3 14th Gen) Intel Core 3 100U - (8 GB/512 GB SSD/Windows 11 Home) 15-fd1253TU/ 15-fd1225TU Thi...,"₹20,990"
HP 15 (i3 14th Gen) Intel Core 3 100U - (8 GB/512 GB SSD/Windows 11 Home) 15-fd1253TU/ 15-fd1225TU Thi...,"₹16,990"
HP 15 (i3 14th Gen) Intel Core 3 100U - (8 GB/512 GB SSD/Windows 11 Home) 15-fd1253TU/ 15-fd1225TU Thi...,"₹59,990"
HP 15 (i3 14th Gen) Intel Core 3 100U - (8 GB/512 GB SSD/Windows 11 Home) 15-fd1253TU/ 15-fd1225TU Thi...,"₹59,990"
HP 15 (i3 14th Gen) Intel Core 3 100U - (8 GB/512 GB SSD/Windows 11 Home) 15-fd1253TU/ 15-fd1225TU Thi...,"₹44,990"
HP 15 (i3 14th Gen) Intel Core 3 100U - (8 GB/512 GB SSD/Windows 11 Home) 15-fd1253TU/ 15-fd1225TU Thi...,"₹14,990"
HP 15 (i3 14th Gen) Intel Core 3 100U - (8 GB/512 GB SSD/Windows 11 Home) 15-fd1253TU/ 15-fd1225TU Thi...,"₹15,990"
HP 15 (i3 14th Gen) Intel Core 3 100U - (8 GB/512 GB SSD/Windows 11 Home) 15-fd1253TU/ 15-fd1225TU Thi...,"₹24,490"
HP 15 (i3 14th Gen) Intel Core 3 100U - (8 GB/512 GB SSD/Windows 11 Home) 15-fd1253TU/ 15-fd1225TU Thi...,"₹46,990"
HP 15 (i3 14th Gen) Intel Core 3 100U - (8 GB/512 GB SSD/Windows 11 Home) 15-fd1253TU/ 15-fd1225TU Thi...,"₹49,990"
HP 15 (i3 14th Gen) Intel Core 3 100U - (8 GB/512 GB SSD/Windows 11 Home) 15-fd1253TU/ 15-fd1225TU Thi...,"₹45,990"
HP 15 (i3 14th Gen) Intel Core 3 100U - (8 GB/512 GB SSD/Windows 11 Home) 15-fd1253TU/ 15-fd1225TU Thi...,"₹17,990"
HP 15 (i3 14th Gen) Intel Core 3 100U - (8 GB/512 GB SSD/Windows 11 Home) 15-fd1253TU/ 15-fd1225TU Thi...,"₹59,990"
HP 15 (i3 14th Gen) Intel Core 3 100U - (8 GB/512 GB SSD/Windows 11 Home) 15-fd1253TU/ 15-fd1225TU Thi...,"₹64,990"
HP 15 (i3 14th Gen) Intel Core 3 100U - (8 GB/512 GB SSD/Windows 11 Home) 15-fd1253TU/ 15-fd1225TU Thi...,"₹69,990"
HP 15 (i3 14th Gen) Intel Core 3 100U - (8 GB/512 GB SSD/Windows 11 Home) 15-fd1253TU/ 15-fd1225TU Thi...,"₹67,990"
HP 15 (i3 14th Gen) Intel Core 3 100U - (8 GB/512 GB SSD/Windows 11 Home) 15-fd1253TU/ 15-fd1225TU Thi...,"₹59,999"
HP 15 (i3 14th Gen) Intel Core 3 100U - (8 GB/512 GB SSD/Windows 11 Home) 15-fd1253TU/ 15-fd1225TU Thi...,"₹54,990"
HP 15 (i3 14th Gen) Intel Core 3 100U - (8 GB/512 GB SSD/Windows 11 Home) 15-fd1253TU/ 15-fd1225TU Thi...,"₹69,990"
HP 15 (i3 14th Gen) Intel Core 3 100U - (8 GB/512 GB SSD/Windows 11 Home) 15-fd1253TU/ 15-fd1225TU Thi...,
HP 15 (i3 14th Gen) Intel Core 3 100U - (8 GB/512 GB SSD/Windows 11 Home) 15-fd1253TU/ 15-fd1225TU Thi...,
Lenovo 100e Chromebook Gen 4 MediaTek Kompanio 520 - (4 GB/32 GB EMMC Storage/Chrome OS) 82W00004HA Ch...,"₹16,990"
Lenovo 100e Chromebook Gen 4 MediaTek Kompanio 520 - (4 GB/32 GB EMMC Storage/Chrome OS) 82W00004HA Ch...,"₹59,990"
Lenovo 100e Chromebook Gen 4 MediaTek Kompanio 520 - (4 GB/32 GB EMMC Storage/Chrome OS) 82W00004HA Ch...,"₹45,980"
Lenovo 100e Chromebook Gen 4 MediaTek Kompanio 520 - (4 GB/32 GB EMMC Storage/Chrome OS) 82W00004HA Ch...,"₹39,990"
Lenovo 100e Chromebook Gen 4 MediaTek Kompanio 520 - (4 GB/32 GB EMMC Storage/Chrome OS) 82W00004HA Ch...,"₹49,990"
Lenovo 100e Chromebook Gen 4 MediaTek Kompanio 520 - (4 GB/32 GB EMMC Storage/Chrome OS) 82W00004HA Ch...,"₹20,990"
Lenovo 100e Chromebook Gen 4 MediaTek Kompanio 520 - (4 GB/32 GB EMMC Storage/Chrome OS) 82W00004HA Ch...,"₹16,990"
Lenovo 100e Chromebook Gen 4 MediaTek Kompanio 520 - (4 GB/32 GB EMMC Storage/Chrome OS) 82W00004HA Ch...,"₹59,990"
Lenovo 100e Chromebook Gen 4 MediaTek Kompanio 520 - (4 GB/32 GB EMMC Storage/Chrome OS) 82W00004HA Ch...,"₹59,990"
Lenovo 100e Chromebook Gen 4 MediaTek Kompanio 520 - (4 GB/32 GB EMMC Storage/Chrome OS) 82W00004HA Ch...,"₹44,990"
Lenovo 100e Chromebook Gen 4 MediaTek Kompanio 520 - (4 GB/32 GB EMMC Storage/Chrome OS) 82W00004HA Ch...,"₹14,990"
Lenovo 100e Chromebook Gen 4 MediaTek Kompanio 520 - (4 GB/32 GB EMMC Storage/Chrome OS) 82W00004HA Ch...,"₹15,990"
Lenovo 100e Chromebook Gen 4 MediaTek Kompanio 520 - (4 GB/32 GB EMMC Storage/Chrome OS) 82W00004HA Ch...,"₹24,490"
Lenovo 100e Chromebook Gen 4 MediaTek Kompanio 520 - (4 GB/32 GB EMMC Storage/Chrome OS) 82W00004HA Ch...,"₹46,990"
Lenovo 100e Chromebook Gen 4 MediaTek Kompanio 520 - (4 GB/32 GB EMMC Storage/Chrome OS) 82W00004HA Ch...,"₹49,990"
Lenovo 100e Chromebook Gen 4 MediaTek Kompanio 520 - (4 GB/32 GB EMMC Storage/Chrome OS) 82W00004HA Ch...,"₹45,990"
Lenovo 100e Chromebook Gen 4 MediaTek Kompanio 520 - (4 GB/32 GB EMMC Storage/Chrome OS) 82W00004HA Ch...,"₹17,990"
Lenovo 100e Chromebook Gen 4 MediaTek Kompanio 520 - (4 GB/32 GB EMMC Storage/Chrome OS) 82W00004HA Ch...,"₹59,990"
Lenovo 100e Chromebook Gen 4 MediaTek Kompanio 520 - (4 GB/32 GB EMMC Storage/Chrome OS) 82W00004HA Ch...,"₹64,990"
Lenovo 100e Chromebook Gen 4 MediaTek Kompanio 520 - (4 GB/32 GB EMMC Storage/Chrome OS) 82W00004HA Ch...,"₹69,990"
Lenovo 100e Chromebook Gen 4 MediaTek Kompanio 520 - (4 GB/32 GB EMMC Storage/Chrome OS) 82W00004HA Ch...,"₹67,990"
Lenovo 100e Chromebook Gen 4 MediaTek Kompanio 520 - (4 GB/32 GB EMMC Storage/Chrome OS) 82W00004HA Ch...,"₹59,999"
Lenovo 100e Chromebook Gen 4 MediaTek Kompanio 520 - (4 GB/32 GB EMMC Storage/Chrome OS) 82W00004HA Ch...,"₹54,990"
Lenovo 100e Chromebook Gen 4 MediaTek Kompanio 520 - (4 GB/32 GB EMMC Storage/Chrome OS) 82W00004HA Ch...,"₹69,990"
Lenovo 100e Chromebook Gen 4 MediaTek Kompanio 520 - (4 GB/32 GB EMMC Storage/Chrome OS) 82W00004HA Ch...,
Lenovo 100e Chromebook Gen 4 MediaTek Kompanio 520 - (4 GB/32 GB EMMC Storage/Chrome OS) 82W00004HA Ch...,
Lenovo 100e Chromebook Gen 4 MediaTek MediaTek Kompanio 528 - (4 GB/64 GB EMMC Storage/Chrome OS) 82W0...,"₹16,990"
Lenovo 100e Chromebook Gen 4 MediaTek MediaTek Kompanio 528 - (4 GB/64 GB EMMC Storage/Chrome OS) 82W0...,"₹59,990"
Lenovo 100e Chromebook Gen 4 MediaTek MediaTek Kompanio 528 - (4 GB/64 GB EMMC Storage/Chrome OS) 82W0...,"₹45,980"
Lenovo 100e Chromebook Gen 4 MediaTek MediaTek Kompanio 528 - (4 GB/64 GB EMMC Storage/Chrome OS) 82W0...,"₹39,990"
Lenovo 100e Chromebook Gen 4 MediaTek MediaTek Kompanio 528 - (4 GB/64 GB EMMC Storage/Chrome OS) 82W0...,"₹49,990"
Lenovo 100e Chromebook Gen 4 MediaTek MediaTek Kompanio 528 - (4 GB/64 GB EMMC Storage/Chrome OS) 82W0...,"₹20,990"
Lenovo 100e Chromebook Gen 4 MediaTek MediaTek Kompanio 528 - (4 GB/64 GB EMMC Storage/Chrome OS) 82W0...,"₹16,990"
Lenovo 100e Chromebook Gen 4 MediaTek MediaTek Kompanio 528 - (4 GB/64 GB EMMC Storage/Chrome OS) 82W0...,"₹59,990"
Lenovo 100e Chromebook Gen 4 MediaTek MediaTek Kompanio 528 - (4 GB/64 GB EMMC Storage/Chrome OS) 82W0...,"₹59,990"
Lenovo 100e Chromebook Gen 4 MediaTek MediaTek Kompanio 528 - (4 GB/64 GB EMMC Storage/Chrome OS) 82W0...,"₹44,990"
Lenovo 100e Chromebook Gen 4 MediaTek MediaTek Kompanio 528 - (4 GB/64 GB EMMC Storage/Chrome OS) 82W0...,"₹14,990"
Lenovo 100e Chromebook Gen 4 MediaTek MediaTek Kompanio 528 - (4 GB/64 GB EMMC Storage/Chrome OS) 82W0...,"₹15,990"
Lenovo 100e Chromebook Gen 4 MediaTek MediaTek Kompanio 528 - (4 GB/64 GB EMMC Storage/Chrome OS) 82W0...,"₹24,490"
Lenovo 100e Chromebook Gen 4 MediaTek MediaTek Kompanio 528 - (4 GB/64 GB EMMC Storage/Chrome OS) 82W0...,"₹46,990"
Lenovo 100e Chromebook Gen 4 MediaTek MediaTek Kompanio 528 - (4 GB/64 GB EMMC Storage/Chrome OS) 82W0...,"₹49,990"
Lenovo 100e Chromebook Gen 4 MediaTek MediaTek Kompanio 528 - (4 GB/64 GB EMMC Storage/Chrome OS) 82W0...,"₹45,990"
Lenovo 100e Chromebook Gen 4 MediaTek MediaTek Kompanio 528 - (4 GB/64 GB EMMC Storage/Chrome OS) 82W0...,"₹17,990"
Lenovo 100e Chromebook Gen 4 MediaTek MediaTek Kompanio 528 - (4 GB/64 GB EMMC Storage/Chrome OS) 82W0...,"₹59,990"
Lenovo 100e Chromebook Gen 4 MediaTek MediaTek Kompanio 528 - (4 GB/64 GB EMMC Storage/Chrome OS) 82W0...,"₹64,990"
Lenovo 100e Chromebook Gen 4 MediaTek MediaTek Kompanio 528 - (4 GB/64 GB EMMC Storage/Chrome OS) 82W0...,"₹69,990"
Lenovo 100e Chromebook Gen 4 MediaTek MediaTek Kompanio 528 - (4 GB/64 GB EMMC Storage/Chrome OS) 82W0...,"₹67,990"
Lenovo 100e Chromebook Gen 4 MediaTek MediaTek Kompanio 528 - (4 GB/64 GB EMMC Storage/Chrome OS) 82W0...,"₹59,999"
Lenovo 100e Chromebook Gen 4 MediaTek MediaTek Kompanio 528 - (4 GB/64 GB EMMC Storage/Chrome OS) 82W0...,"₹54,990"
Lenovo 100e Chromebook Gen 4 MediaTek MediaTek Kompanio 528 - (4 GB/64 GB EMMC Storage/Chrome OS) 82W0...,"₹69,990"
Lenovo 100e Chromebook Gen 4 MediaTek MediaTek Kompanio 528 - (4 GB/64 GB EMMC Storage/Chrome OS) 82W0...,
Lenovo 100e Chromebook Gen 4 MediaTek MediaTek Kompanio 528 - (4 GB/64 GB EMMC Storage/Chrome OS) 82W0...,
Primebook 2 Pro (2025) in-Built AI MediaTek Helio G99 (MT8781) - (8 GB/128 GB/Android 15) PBG9914128#4...,"₹16,990"
Primebook 2 Pro (2025) in-Built AI MediaTek Helio G99 (MT8781) - (8 GB/128 GB/Android 15) PBG9914128#4...,"₹59,990"
Primebook 2 Pro (2025) in-Built AI MediaTek Helio G99 (MT8781) - (8 GB/128 GB/Android 15) PBG9914128#4...,"₹45,980"
Primebook 2 Pro (2025) in-Built AI MediaTek Helio G99 (MT8781) - (8 GB/128 GB/Android 15) PBG9914128#4...,"₹39,990"
Primebook 2 Pro (2025) in-Built AI MediaTek Helio G99 (MT8781) - (8 GB/128 GB/Android 15) PBG9914128#4...,"₹49,990"
Primebook 2 Pro (2025) in-Built AI MediaTek Helio G99 (MT8781) - (8 GB/128 GB/Android 15) PBG9914128#4...,"₹20,990"
Primebook 2 Pro (2025) in-Built AI MediaTek Helio G99 (MT8781) - (8 GB/128 GB/Android 15) PBG9914128#4...,"₹16,990"
Primebook 2 Pro (2025) in-Built AI MediaTek Helio G99 (MT8781) - (8 GB/128 GB/Android 15) PBG9914128#4...,"₹59,990"
Primebook 2 Pro (2025) in-Built AI MediaTek Helio G99 (MT8781) - (8 GB/128 GB/Android 15) PBG9914128#4...,"₹59,990"
Primebook 2 Pro (2025) in-Built AI MediaTek Helio G99 (MT8781) - (8 GB/128 GB/Android 15) PBG9914128#4...,"₹44,990"
Primebook 2 Pro (2025) in-Built AI MediaTek Helio G99 (MT8781) - (8 GB/128 GB/Android 15) PBG9914128#4...,"₹14,990"
Primebook 2 Pro (2025) in-Built AI MediaTek Helio G99 (MT8781) - (8 GB/128 GB/Android 15) PBG9914128#4...,"₹15,990"
Primebook 2 Pro (2025) in-Built AI MediaTek Helio G99 (MT8781) - (8 GB/128 GB/Android 15) PBG9914128#4...,"₹24,490"
Primebook 2 Pro (2025) in-Built AI MediaTek Helio G99 (MT8781) - (8 GB/128 GB/Android 15) PBG9914128#4...,"₹46,990"
Primebook 2 Pro (2025) in-Built AI MediaTek Helio G99 (MT8781) - (8 GB/128 GB/Android 15) PBG9914128#4...,"₹49,990"
Primebook 2 Pro (2025) in-Built AI MediaTek Helio G99 (MT8781) - (8 GB/128 GB/Android 15) PBG9914128#4...,"₹45,990"
Primebook 2 Pro (2025) in-Built AI MediaTek Helio G99 (MT8781) - (8 GB/128 GB/Android 15) PBG9914128#4...,"₹17,990"
Primebook 2 Pro (2025) in-Built AI MediaTek Helio G99 (MT8781) - (8 GB/128 GB/Android 15) PBG9914128#4...,"₹59,990"
Primebook 2 Pro (2025) in-Built AI MediaTek Helio G99 (MT8781) - (8 GB/128 GB/Android 15) PBG9914128#4...,"₹64,990"
Primebook 2 Pro (2025) in-Built AI MediaTek Helio G99 (MT8781) - (8 GB/128 GB/Android 15) PBG9914128#4...,"₹69,990"
Primebook 2 Pro (2025) in-Built AI MediaTek Helio G99 (MT8781) - (8 GB/128 GB/Android 15) PBG9914128#4...,"₹67,990"
Primebook 2 Pro (2025) in-Built AI MediaTek Helio G99 (MT8781) - (8 GB/128 GB/Android 15) PBG9914128#4...,"₹59,999"
Primebook 2 Pro (2025) in-Built AI MediaTek Helio G99 (MT8781) - (8 GB/128 GB/Android 15) PBG9914128#4...,"₹54,990"
Primebook 2 Pro (2025) in-Built AI MediaTek Helio G99 (MT8781) - (8 GB/128 GB/Android 15) PBG9914128#4...,"₹69,990"
Primebook 2 Pro (2025) in-Built AI MediaTek Helio G99 (MT8781) - (8 GB/128 GB/Android 15) PBG9914128#4...,
Primebook 2 Pro (2025) in-Built AI MediaTek Helio G99 (MT8781) - (8 GB/128 GB/Android 15) PBG9914128#4...,
MSI Modern 14 AMD Ryzen 5 Hexa Core 7430U - (16 GB/512 GB SSD/Windows 11 Home) 14 C7M-283IN / 14 C7M-4...,"₹16,990"
MSI Modern 14 AMD Ryzen 5 Hexa Core 7430U - (16 GB/512 GB SSD/Windows 11 Home) 14 C7M-283IN / 14 C7M-4...,"₹59,990"
MSI Modern 14 AMD Ryzen 5 Hexa Core 7430U - (16 GB/512 GB SSD/Windows 11 Home) 14 C7M-283IN / 14 C7M-4...,"₹45,980"
MSI Modern 14 AMD Ryzen 5 Hexa Core 7430U - (16 GB/512 GB SSD/Windows 11 Home) 14 C7M-283IN / 14 C7M-4...,"₹39,990"
MSI Modern 14 AMD Ryzen 5 Hexa Core 7430U - (16 GB/512 GB SSD/Windows 11 Home) 14 C7M-283IN / 14 C7M-4...,"₹49,990"
MSI Modern 14 AMD Ryzen 5 Hexa Core 7430U - (16 GB/512 GB SSD/Windows 11 Home) 14 C7M-283IN / 14 C7M-4...,"₹20,990"
MSI Modern 14 AMD Ryzen 5 Hexa Core 7430U - (16 GB/512 GB SSD/Windows 11 Home) 14 C7M-283IN / 14 C7M-4...,"₹16,990"
MSI Modern 14 AMD Ryzen 5 Hexa Core 7430U - (16 GB/512 GB SSD/Windows 11 Home) 14 C7M-283IN / 14 C7M-4...,"₹59,990"
MSI Modern 14 AMD Ryzen 5 Hexa Core 7430U - (16 GB/512 GB SSD/Windows 11 Home) 14 C7M-283IN / 14 C7M-4...,"₹59,990"
MSI Modern 14 AMD Ryzen 5 Hexa Core 7430U - (16 GB/512 GB SSD/Windows 11 Home) 14 C7M-283IN / 14 C7M-4...,"₹44,990"
MSI Modern 14 AMD Ryzen 5 Hexa Core 7430U - (16 GB/512 GB SSD/Windows 11 Home) 14 C7M-283IN / 14 C7M-4...,"₹14,990"
MSI Modern 14 AMD Ryzen 5 Hexa Core 7430U - (16 GB/512 GB SSD/Windows 11 Home) 14 C7M-283IN / 14 C7M-4...,"₹15,990"
MSI Modern 14 AMD Ryzen 5 Hexa Core 7430U - (16 GB/512 GB SSD/Windows 11 Home) 14 C7M-283IN / 14 C7M-4...,"₹24,490"
MSI Modern 14 AMD Ryzen 5 Hexa Core 7430U - (16 GB/512 GB SSD/Windows 11 Home) 14 C7M-283IN / 14 C7M-4...,"₹46,990"
MSI Modern 14 AMD Ryzen 5 Hexa Core 7430U - (16 GB/512 GB SSD/Windows 11 Home) 14 C7M-283IN / 14 C7M-4...,"₹49,990"
MSI Modern 14 AMD Ryzen 5 Hexa Core 7430U - (16 GB/512 GB SSD/Windows 11 Home) 14 C7M-283IN / 14 C7M-4...,"₹45,990"
MSI Modern 14 AMD Ryzen 5 Hexa Core 7430U - (16 GB/512 GB SSD/Windows 11 Home) 14 C7M-283IN / 14 C7M-4...,"₹17,990"
MSI Modern 14 AMD Ryzen 5 Hexa Core 7430U - (16 GB/512 GB SSD/Windows 11 Home) 14 C7M-283IN / 14 C7M-4...,"₹59,990"
MSI Modern 14 AMD Ryzen 5 Hexa Core 7430U - (16 GB/512 GB SSD/Windows 11 Home) 14 C7M-283IN / 14 C7M-4...,"₹64,990"
MSI Modern 14 AMD Ryzen 5 Hexa Core 7430U - (16 GB/512 GB SSD/Windows 11 Home) 14 C7M-283IN / 14 C7M-4...,"₹69,990"
MSI Modern 14 AMD Ryzen 5 Hexa Core 7430U - (16 GB/512 GB SSD/Windows 11 Home) 14 C7M-283IN / 14 C7M-4...,"₹67,990"
MSI Modern 14 AMD Ryzen 5 Hexa Core 7430U - (16 GB/512 GB SSD/Windows 11 Home) 14 C7M-283IN / 14 C7M-4...,"₹59,999"
MSI Modern 14 AMD Ryzen 5 Hexa Core 7430U - (16 GB/512 GB SSD/Windows 11 Home) 14 C7M-283IN / 14 C7M-4...,"₹54,990"
MSI Modern 14 AMD Ryzen 5 Hexa Core 7430U - (16 GB/512 GB SSD/Windows 11 Home) 14 C7M-283IN / 14 C7M-4...,"₹69,990"
MSI Modern 14 AMD Ryzen 5 Hexa Core 7430U - (16 GB/512 GB SSD/Windows 11 Home) 14 C7M-283IN / 14 C7M-4...,
MSI Modern 14 AMD Ryzen 5 Hexa Core 7430U - (16 GB/512 GB SSD/Windows 11 Home) 14 C7M-283IN / 14 C7M-4...,
Acer Aspire 3 Backlit AMD Ryzen 7 Octa Core 7730U - (16 GB/512 GB SSD/Windows 11 Home) Aspire AS15 - 4...,"₹16,990"
Acer Aspire 3 Backlit AMD Ryzen 7 Octa Core 7730U - (16 GB/512 GB SSD/Windows 11 Home) Aspire AS15 - 4...,"₹59,990"
Acer Aspire 3 Backlit AMD Ryzen 7 Octa Core 7730U - (16 GB/512 GB SSD/Windows 11 Home) Aspire AS15 - 4...,"₹45,980"
Acer Aspire 3 Backlit AMD Ryzen 7 Octa Core 7730U - (16 GB/512 GB SSD/Windows 11 Home) Aspire AS15 - 4...,"₹39,990"
Acer Aspire 3 Backlit AMD Ryzen 7 Octa Core 7730U - (16 GB/512 GB SSD/Windows 11 Home) Aspire AS15 - 4...,"₹49,990"
Acer Aspire 3 Backlit AMD Ryzen 7 Octa Core 7730U - (16 GB/512 GB SSD/Windows 11 Home) Aspire AS15 - 4...,"₹20,990"
Acer Aspire 3 Backlit AMD Ryzen 7 Octa Core 7730U - (16 GB/512 GB SSD/Windows 11 Home) Aspire AS15 - 4...,"₹16,990"
Acer Aspire 3 Backlit AMD Ryzen 7 Octa Core 7730U - (16 GB/512 GB SSD/Windows 11 Home) Aspire AS15 - 4...,"₹59,990"
Acer Aspire 3 Backlit AMD Ryzen 7 Octa Core 7730U - (16 GB/512 GB SSD/Windows 11 Home) Aspire AS15 - 4...,"₹59,990"
Acer Aspire 3 Backlit AMD Ryzen 7 Octa Core 7730U - (16 GB/512 GB SSD/Windows 11 Home) Aspire AS15 - 4...,"₹44,990"
Acer Aspire 3 Backlit AMD Ryzen 7 Octa Core 7730U - (16 GB/512 GB SSD/Windows 11 Home) Aspire AS15 - 4...,"₹14,990"
Acer Aspire 3 Backlit AMD Ryzen 7 Octa Core 7730U - (16 GB/512 GB SSD/Windows 11 Home) Aspire AS15 - 4...,"₹15,990"
Acer Aspire 3 Backlit AMD Ryzen 7 Octa Core 7730U - (16 GB/512 GB SSD/Windows 11 Home) Aspire AS15 - 4...,"₹24,490"
Acer Aspire 3 Backlit AMD Ryzen 7 Octa Core 7730U - (16 GB/512 GB SSD/Windows 11 Home) Aspire AS15 - 4...,"₹46,990"
Acer Aspire 3 Backlit AMD Ryzen 7 Octa Core 7730U - (16 GB/512 GB SSD/Windows 11 Home) Aspire AS15 - 4...,"₹49,990"
Acer Aspire 3 Backlit AMD Ryzen 7 Octa Core 7730U - (16 GB/512 GB SSD/Windows 11 Home) Aspire AS15 - 4...,"₹45,990"
Acer Aspire 3 Backlit AMD Ryzen 7 Octa Core 7730U - (16 GB/512 GB SSD/Windows 11 Home) Aspire AS15 - 4...,"₹17,990"
Acer Aspire 3 Backlit AMD Ryzen 7 Octa Core 7730U - (16 GB/512 GB SSD/Windows 11 Home) Aspire AS15 - 4...,"₹59,990"
Acer Aspire 3 Backlit AMD Ryzen 7 Octa Core 7730U - (16 GB/512 GB SSD/Windows 11 Home) Aspire AS15 - 4...,"₹64,990"
Acer Aspire 3 Backlit AMD Ryzen 7 Octa Core 7730U - (16 GB/512 GB SSD/Windows 11 Home) Aspire AS15 - 4...,"₹69,990"
Acer Aspire 3 Backlit AMD Ryzen 7 Octa Core 7730U - (16 GB/512 GB SSD/Windows 11 Home) Aspire AS15 - 4...,"₹67,990"
Acer Aspire 3 Backlit AMD Ryzen 7 Octa Core 7730U - (16 GB/512 GB SSD/Windows 11 Home) Aspire AS15 - 4...,"₹59,999"
Acer Aspire 3 Backlit AMD Ryzen 7 Octa Core 7730U - (16 GB/512 GB SSD/Windows 11 Home) Aspire AS15 - 4...,"₹54,990"
Acer Aspire 3 Backlit AMD Ryzen 7 Octa Core 7730U - (16 GB/512 GB SSD/Windows 11 Home) Aspire AS15 - 4...,"₹69,990"
Acer Aspire 3 Backlit AMD Ryzen 7 Octa Core 7730U - (16 GB/512 GB SSD/Windows 11 Home) Aspire AS15 - 4...,
Acer Aspire 3 Backlit AMD Ryzen 7 Octa Core 7730U - (16 GB/512 GB SSD/Windows 11 Home) Aspire AS15 - 4...,
"ASUS Vivobook 15 (2025) with Office 2024 + M365 Basic*, Intel Core i3 13th Gen 1315U - (16 GB/512 GB S...","₹16,990"
"ASUS Vivobook 15 (2025) with Office 2024 + M365 Basic*, Intel Core i3 13th Gen 1315U - (16 GB/512 GB S...","₹59,990"
"ASUS Vivobook 15 (2025) with Office 2024 + M365 Basic*, Intel Core i3 13th Gen 1315U - (16 GB/512 GB S...","₹45,980"
"ASUS Vivobook 15 (2025) with Office 2024 + M365 Basic*, Intel Core i3 13th Gen 1315U - (16 GB/512 GB S...","₹39,990"
"ASUS Vivobook 15 (2025) with Office 2024 + M365 Basic*, Intel Core i3 13th Gen 1315U - (16 GB/512 GB S...","₹49,990"
"ASUS Vivobook 15 (2025) with Office 2024 + M365 Basic*, Intel Core i3 13th Gen 1315U - (16 GB/512 GB S...","₹20,990"
"ASUS Vivobook 15 (2025) with Office 2024 + M365 Basic*, Intel Core i3 13th Gen 1315U - (16 GB/512 GB S...","₹16,990"
"ASUS Vivobook 15 (2025) with Office 2024 + M365 Basic*, Intel Core i3 13th Gen 1315U - (16 GB/512 GB S...","₹59,990"
"ASUS Vivobook 15 (2025) with Office 2024 + M365 Basic*, Intel Core i3 13th Gen 1315U - (16 GB/512 GB S...","₹59,990"
"ASUS Vivobook 15 (2025) with Office 2024 + M365 Basic*, Intel Core i3 13th Gen 1315U - (16 GB/512 GB S...","₹44,990"
"ASUS Vivobook 15 (2025) with Office 2024 + M365 Basic*, Intel Core i3 13th Gen 1315U - (16 GB/512 GB S...","₹14,990"
"ASUS Vivobook 15 (2025) with Office 2024 + M365 Basic*, Intel Core i3 13th Gen 1315U - (16 GB/512 GB S...","₹15,990"
"ASUS Vivobook 15 (2025) with Office 2024 + M365 Basic*, Intel Core i3 13th Gen 1315U - (16 GB/512 GB S...","₹24,490"
"ASUS Vivobook 15 (2025) with Office 2024 + M365 Basic*, Intel Core i3 13th Gen 1315U - (16 GB/512 GB S...","₹46,990"
"ASUS Vivobook 15 (2025) with Office 2024 + M365 Basic*, Intel Core i3 13th Gen 1315U - (16 GB/512 GB S...","₹49,990"
"ASUS Vivobook 15 (2025) with Office 2024 + M365 Basic*, Intel Core i3 13th Gen 1315U - (16 GB/512 GB S...","₹45,990"
"ASUS Vivobook 15 (2025) with Office 2024 + M365 Basic*, Intel Core i3 13th Gen 1315U - (16 GB/512 GB S...","₹17,990"
"ASUS Vivobook 15 (2025) with Office 2024 + M365 Basic*, Intel Core i3 13th Gen 1315U - (16 GB/512 GB S...","₹59,990"
"ASUS Vivobook 15 (2025) with Office 2024 + M365 Basic*, Intel Core i3 13th Gen 1315U - (16 GB/512 GB S...","₹64,990"
"ASUS Vivobook 15 (2025) with Office 2024 + M365 Basic*, Intel Core i3 13th Gen 1315U - (16 GB/512 GB S...","₹69,990"
"ASUS Vivobook 15 (2025) with Office 2024 + M365 Basic*, Intel Core i3 13th Gen 1315U - (16 GB/512 GB S...","₹67,990"
"ASUS Vivobook 15 (2025) with Office 2024 + M365 Basic*, Intel Core i3 13th Gen 1315U - (16 GB/512 GB S...","₹59,999"
"ASUS Vivobook 15 (2025) with Office 2024 + M365 Basic*, Intel Core i3 13th Gen 1315U - (16 GB/512 GB S...","₹54,990"
"ASUS Vivobook 15 (2025) with Office 2024 + M365 Basic*, Intel Core i3 13th Gen 1315U - (16 GB/512 GB S...","₹69,990"
"ASUS Vivobook 15 (2025) with Office 2024 + M365 Basic*, Intel Core i3 13th Gen 1315U - (16 GB/512 GB S...",
"ASUS Vivobook 15 (2025) with Office 2024 + M365 Basic*, Intel Core i3 13th Gen 1315U - (16 GB/512 GB S...",
ASUS Chromebook CX14 Intel Celeron Dual Core N4500 - (4 GB/64 GB EMMC Storage/Chrome OS) CX1405CKA-NK0...,"₹16,990"
ASUS Chromebook CX14 Intel Celeron Dual Core N4500 - (4 GB/64 GB EMMC Storage/Chrome OS) CX1405CKA-NK0...,"₹59,990"
ASUS Chromebook CX14 Intel Celeron Dual Core N4500 - (4 GB/64 GB EMMC Storage/Chrome OS) CX1405CKA-NK0...,"₹45,980"
ASUS Chromebook CX14 Intel Celeron Dual Core N4500 - (4 GB/64 GB EMMC Storage/Chrome OS) CX1405CKA-NK0...,"₹39,990"
ASUS Chromebook CX14 Intel Celeron Dual Core N4500 - (4 GB/64 GB EMMC Storage/Chrome OS) CX1405CKA-NK0...,"₹49,990"
ASUS Chromebook CX14 Intel Celeron Dual Core N4500 - (4 GB/64 GB EMMC Storage/Chrome OS) CX1405CKA-NK0...,"₹20,990"
ASUS Chromebook CX14 Intel Celeron Dual Core N4500 - (4 GB/64 GB EMMC Storage/Chrome OS) CX1405CKA-NK0...,"₹16,990"
ASUS Chromebook CX14 Intel Celeron Dual Core N4500 - (4 GB/64 GB EMMC Storage/Chrome OS) CX1405CKA-NK0...,"₹59,990"
ASUS Chromebook CX14 Intel Celeron Dual Core N4500 - (4 GB/64 GB EMMC Storage/Chrome OS) CX1405CKA-NK0...,"₹59,990"
ASUS Chromebook CX14 Intel Celeron Dual Core N4500 - (4 GB/64 GB EMMC Storage/Chrome OS) CX1405CKA-NK0...,"₹44,990"
ASUS Chromebook CX14 Intel Celeron Dual Core N4500 - (4 GB/64 GB EMMC Storage/Chrome OS) CX1405CKA-NK0...,"₹14,990"
ASUS Chromebook CX14 Intel Celeron Dual Core N4500 - (4 GB/64 GB EMMC Storage/Chrome OS) CX1405CKA-NK0...,"₹15,990"
ASUS Chromebook CX14 Intel Celeron Dual Core N4500 - (4 GB/64 GB EMMC Storage/Chrome OS) CX1405CKA-NK0...,"₹24,490"
ASUS Chromebook CX14 Intel Celeron Dual Core N4500 - (4 GB/64 GB EMMC Storage/Chrome OS) CX1405CKA-NK0...,"₹46,990"
ASUS Chromebook CX14 Intel Celeron Dual Core N4500 - (4 GB/64 GB EMMC Storage/Chrome OS) CX1405CKA-NK0...,"₹49,990"
ASUS Chromebook CX14 Intel Celeron Dual Core N4500 - (4 GB/64 GB EMMC Storage/Chrome OS) CX1405CKA-NK0...,"₹45,990"
ASUS Chromebook CX14 Intel Celeron Dual Core N4500 - (4 GB/64 GB EMMC Storage/Chrome OS) CX1405CKA-NK0...,"₹17,990"
ASUS Chromebook CX14 Intel Celeron Dual Core N4500 - (4 GB/64 GB EMMC Storage/Chrome OS) CX1405CKA-NK0...,"₹59,990"
ASUS Chromebook CX14 Intel Celeron Dual Core N4500 - (4 GB/64 GB EMMC Storage/Chrome OS) CX1405CKA-NK0...,"₹64,990"
ASUS Chromebook CX14 Intel Celeron Dual Core N4500 - (4 GB/64 GB EMMC Storage/Chrome OS) CX1405CKA-NK0...,"₹69,990"
ASUS Chromebook CX14 Intel Celeron Dual Core N4500 - (4 GB/64 GB EMMC Storage/Chrome OS) CX1405CKA-NK0...,"₹67,990"
ASUS Chromebook CX14 Intel Celeron Dual Core N4500 - (4 GB/64 GB EMMC Storage/Chrome OS) CX1405CKA-NK0...,"₹59,999"
ASUS Chromebook CX14 Intel Celeron Dual Core N4500 - (4 GB/64 GB EMMC Storage/Chrome OS) CX1405CKA-NK0...,"₹54,990"
ASUS Chromebook CX14 Intel Celeron Dual Core N4500 - (4 GB/64 GB EMMC Storage/Chrome OS) CX1405CKA-NK0...,"₹69,990"
ASUS Chromebook CX14 Intel Celeron Dual Core N4500 - (4 GB/64 GB EMMC Storage/Chrome OS) CX1405CKA-NK0...,
ASUS Chromebook CX14 Intel Celeron Dual Core N4500 - (4 GB/64 GB EMMC Storage/Chrome OS) CX1405CKA-NK0...,
MOTOROLA Motobook 60 Pro Full Metal OLED AI PC Intel Core Ultra 5 225H - (16 GB/512 GB SSD/Windows 11 ...,"₹16,990"
MOTOROLA Motobook 60 Pro Full Metal OLED AI PC Intel Core Ultra 5 225H - (16 GB/512 GB SSD/Windows 11 ...,"₹59,990"
MOTOROLA Motobook 60 Pro Full Metal OLED AI PC Intel Core Ultra 5 225H - (16 GB/512 GB SSD/Windows 11 ...,"₹45,980"
MOTOROLA Motobook 60 Pro Full Metal OLED AI PC Intel Core Ultra 5 225H - (16 GB/512 GB SSD/Windows 11 ...,"₹39,990"
MOTOROLA Motobook 60 Pro Full Metal OLED AI PC Intel Core Ultra 5 225H - (16 GB/512 GB SSD/Windows 11 ...,"₹49,990"
MOTOROLA Motobook 60 Pro Full Metal OLED AI PC Intel Core Ultra 5 225H - (16 GB/512 GB SSD/Windows 11 ...,"₹20,990"
MOTOROLA Motobook 60 Pro Full Metal OLED AI PC Intel Core Ultra 5 225H - (16 GB/512 GB SSD/Windows 11 ...,"₹16,990"
MOTOROLA Motobook 60 Pro Full Metal OLED AI PC Intel Core Ultra 5 225H - (16 GB/512 GB SSD/Windows 11 ...,"₹59,990"
MOTOROLA Motobook 60 Pro Full Metal OLED AI PC Intel Core Ultra 5 225H - (16 GB/512 GB SSD/Windows 11 ...,"₹59,990"
MOTOROLA Motobook 60 Pro Full Metal OLED AI PC Intel Core Ultra 5 225H - (16 GB/512 GB SSD/Windows 11 ...,"₹44,990"
MOTOROLA Motobook 60 Pro Full Metal OLED AI PC Intel Core Ultra 5 225H - (16 GB/512 GB SSD/Windows 11 ...,"₹14,990"
MOTOROLA Motobook 60 Pro Full Metal OLED AI PC Intel Core Ultra 5 225H - (16 GB/512 GB SSD/Windows 11 ...,"₹15,990"
MOTOROLA Motobook 60 Pro Full Metal OLED AI PC Intel Core Ultra 5 225H - (16 GB/512 GB SSD/Windows 11 ...,"₹24,490"
MOTOROLA Motobook 60 Pro Full Metal OLED AI PC Intel Core Ultra 5 225H - (16 GB/512 GB SSD/Windows 11 ...,"₹46,990"
MOTOROLA Motobook 60 Pro Full Metal OLED AI PC Intel Core Ultra 5 225H - (16 GB/512 GB SSD/Windows 11 ...,"₹49,990"
MOTOROLA Motobook 60 Pro Full Metal OLED AI PC Intel Core Ultra 5 225H - (16 GB/512 GB SSD/Windows 11 ...,"₹45,990"
MOTOROLA Motobook 60 Pro Full Metal OLED AI PC Intel Core Ultra 5 225H - (16 GB/512 GB SSD/Windows 11 ...,"₹17,990"
MOTOROLA Motobook 60 Pro Full Metal OLED AI PC Intel Core Ultra 5 225H - (16 GB/512 GB SSD/Windows 11 ...,"₹59,990"
MOTOROLA Motobook 60 Pro Full Metal OLED AI PC Intel Core Ultra 5 225H - (16 GB/512 GB SSD/Windows 11 ...,"₹64,990"
MOTOROLA Motobook 60 Pro Full Metal OLED AI PC Intel Core Ultra 5 225H - (16 GB/512 GB SSD/Windows 11 ...,"₹69,990"
MOTOROLA Motobook 60 Pro Full Metal OLED AI PC Intel Core Ultra 5 225H - (16 GB/512 GB SSD/Windows 11 ...,"₹67,990"
MOTOROLA Motobook 60 Pro Full Metal OLED AI PC Intel Core Ultra 5 225H - (16 GB/512 GB SSD/Windows 11 ...,"₹59,999"
MOTOROLA Motobook 60 Pro Full Metal OLED AI PC Intel Core Ultra 5 225H - (16 GB/512 GB SSD/Windows 11 ...,"₹54,990"
MOTOROLA Motobook 60 Pro Full Metal OLED AI PC Intel Core Ultra 5 225H - (16 GB/512 GB SSD/Windows 11 ...,"₹69,990"
MOTOROLA Motobook 60 Pro Full Metal OLED AI PC Intel Core Ultra 5 225H - (16 GB/512 GB SSD/Windows 11 ...,
MOTOROLA Motobook 60 Pro Full Metal OLED AI PC Intel Core Ultra 5 225H - (16 GB/512 GB SSD/Windows 11 ...,
"ASUS Vivobook S14 (2025) with Office 2024 + M365 Basic*, Backlit Keyboard, Intel Core i7 13th Gen 1362...","₹16,990"
"ASUS Vivobook S14 (2025) with Office 2024 + M365 Basic*, Backlit Keyboard, Intel Core i7 13th Gen 1362...","₹59,990"
"ASUS Vivobook S14 (2025) with Office 2024 + M365 Basic*, Backlit Keyboard, Intel Core i7 13th Gen 1362...","₹45,980"
"ASUS Vivobook S14 (2025) with Office 2024 + M365 Basic*, Backlit Keyboard, Intel Core i7 13th Gen 1362...","₹39,990"
"ASUS Vivobook S14 (2025) with Office 2024 + M365 Basic*, Backlit Keyboard, Intel Core i7 13th Gen 1362...","₹49,990"
"ASUS Vivobook S14 (2025) with Office 2024 + M365 Basic*, Backlit Keyboard, Intel Core i7 13th Gen 1362...","₹20,990"
"ASUS Vivobook S14 (2025) with Office 2024 + M365 Basic*, Backlit Keyboard, Intel Core i7 13th Gen 1362...","₹16,990"
"ASUS Vivobook S14 (2025) with Office 2024 + M365 Basic*, Backlit Keyboard, Intel Core i7 13th Gen 1362...","₹59,990"
"ASUS Vivobook S14 (2025) with Office 2024 + M365 Basic*, Backlit Keyboard, Intel Core i7 13th Gen 1362...","₹59,990"
"ASUS Vivobook S14 (2025) with Office 2024 + M365 Basic*, Backlit Keyboard, Intel Core i7 13th Gen 1362...","₹44,990"
"ASUS Vivobook S14 (2025) with Office 2024 + M365 Basic*, Backlit Keyboard, Intel Core i7 13th Gen 1362...","₹14,990"
"ASUS Vivobook S14 (2025) with Office 2024 + M365 Basic*, Backlit Keyboard, Intel Core i7 13th Gen 1362...","₹15,990"
"ASUS Vivobook S14 (2025) with Office 2024 + M365 Basic*, Backlit Keyboard, Intel Core i7 13th Gen 1362...","₹24,490"
"ASUS Vivobook S14 (2025) with Office 2024 + M365 Basic*, Backlit Keyboard, Intel Core i7 13th Gen 1362...","₹46,990"
"ASUS Vivobook S14 (2025) with Office 2024 + M365 Basic*, Backlit Keyboard, Intel Core i7 13th Gen 1362...","₹49,990"
"ASUS Vivobook S14 (2025) with Office 2024 + M365 Basic*, Backlit Keyboard, Intel Core i7 13th Gen 1362...","₹45,990"
"ASUS Vivobook S14 (2025) with Office 2024 + M365 Basic*, Backlit Keyboard, Intel Core i7 13th Gen 1362...","₹17,990"
"ASUS Vivobook S14 (2025) with Office 2024 + M365 Basic*, Backlit Keyboard, Intel Core i7 13th Gen 1362...","₹59,990"
"ASUS Vivobook S14 (2025) with Office 2024 + M365 Basic*, Backlit Keyboard, Intel Core i7 13th Gen 1362...","₹64,990"
"ASUS Vivobook S14 (2025) with Office 2024 + M365 Basic*, Backlit Keyboard, Intel Core i7 13th Gen 1362...","₹69,990"
"ASUS Vivobook S14 (2025) with Office 2024 + M365 Basic*, Backlit Keyboard, Intel Core i7 13th Gen 1362...","₹67,990"
"ASUS Vivobook S14 (2025) with Office 2024 + M365 Basic*, Backlit Keyboard, Intel Core i7 13th Gen 1362...","₹59,999"
"ASUS Vivobook S14 (2025) with Office 2024 + M365 Basic*, Backlit Keyboard, Intel Core i7 13th Gen 1362...","₹54,990"
"ASUS Vivobook S14 (2025) with Office 2024 + M365 Basic*, Backlit Keyboard, Intel Core i7 13th Gen 1362...","₹69,990"
"ASUS Vivobook S14 (2025) with Office 2024 + M365 Basic*, Backlit Keyboard, Intel Core i7 13th Gen 1362...",
"ASUS Vivobook S14 (2025) with Office 2024 + M365 Basic*, Backlit Keyboard, Intel Core i7 13th Gen 1362...",
HP Intel Core i7 13th Gen 13620H - (16 GB/512 GB SSD/Windows 11 Home) 15-fr0046TU Thin and Light Lapto...,"₹16,990"
HP Intel Core i7 13th Gen 13620H - (16 GB/512 GB SSD/Windows 11 Home) 15-fr0046TU Thin and Light Lapto...,"₹59,990"
HP Intel Core i7 13th Gen 13620H - (16 GB/512 GB SSD/Windows 11 Home) 15-fr0046TU Thin and Light Lapto...,"₹45,980"
HP Intel Core i7 13th Gen 13620H - (16 GB/512 GB SSD/Windows 11 Home) 15-fr0046TU Thin and Light Lapto...,"₹39,990"
HP Intel Core i7 13th Gen 13620H - (16 GB/512 GB SSD/Windows 11 Home) 15-fr0046TU Thin and Light Lapto...,"₹49,990"
HP Intel Core i7 13th Gen 13620H - (16 GB/512 GB SSD/Windows 11 Home) 15-fr0046TU Thin and Light Lapto...,"₹20,990"
HP Intel Core i7 13th Gen 13620H - (16 GB/512 GB SSD/Windows 11 Home) 15-fr0046TU Thin and Light Lapto...,"₹16,990"
HP Intel Core i7 13th Gen 13620H - (16 GB/512 GB SSD/Windows 11 Home) 15-fr0046TU Thin and Light Lapto...,"₹59,990"
HP Intel Core i7 13th Gen 13620H - (16 GB/512 GB SSD/Windows 11 Home) 15-fr0046TU Thin and Light Lapto...,"₹59,990"
HP Intel Core i7 13th Gen 13620H - (16 GB/512 GB SSD/Windows 11 Home) 15-fr0046TU Thin and Light Lapto...,"₹44,990"
HP Intel Core i7 13th Gen 13620H - (16 GB/512 GB SSD/Windows 11 Home) 15-fr0046TU Thin and Light Lapto...,"₹14,990"
HP Intel Core i7 13th Gen 13620H - (16 GB/512 GB SSD/Windows 11 Home) 15-fr0046TU Thin and Light Lapto...,"₹15,990"
HP Intel Core i7 13th Gen 13620H - (16 GB/512 GB SSD/Windows 11 Home) 15-fr0046TU Thin and Light Lapto...,"₹24,490"
HP Intel Core i7 13th Gen 13620H - (16 GB/512 GB SSD/Windows 11 Home) 15-fr0046TU Thin and Light Lapto...,"₹46,990"
HP Intel Core i7 13th Gen 13620H - (16 GB/512 GB SSD/Windows 11 Home) 15-fr0046TU Thin and Light Lapto...,"₹49,990"
HP Intel Core i7 13th Gen 13620H - (16 GB/512 GB SSD/Windows 11 Home) 15-fr0046TU Thin and Light Lapto...,"₹45,990"
HP Intel Core i7 13th Gen 13620H - (16 GB/512 GB SSD/Windows 11 Home) 15-fr0046TU Thin and Light Lapto...,"₹17,990"
HP Intel Core i7 13th Gen 13620H - (16 GB/512 GB SSD/Windows 11 Home) 15-fr0046TU Thin and Light Lapto...,"₹59,990"
HP Intel Core i7 13th Gen 13620H - (16 GB/512 GB SSD/Windows 11 Home) 15-fr0046TU Thin and Light Lapto...,"₹64,990"
HP Intel Core i7 13th Gen 13620H - (16 GB/512 GB SSD/Windows 11 Home) 15-fr0046TU Thin and Light Lapto...,"₹69,990"
HP Intel Core i7 13th Gen 13620H - (16 GB/512 GB SSD/Windows 11 Home) 15-fr0046TU Thin and Light Lapto...,"₹67,990"
HP Intel Core i7 13th Gen 13620H - (16 GB/512 GB SSD/Windows 11 Home) 15-fr0046TU Thin and Light Lapto...,"₹59,999"
HP Intel Core i7 13th Gen 13620H - (16 GB/512 GB SSD/Windows 11 Home) 15-fr0046TU Thin and Light Lapto...,"₹54,990"
HP Intel Core i7 13th Gen 13620H - (16 GB/512 GB SSD/Windows 11 Home) 15-fr0046TU Thin and Light Lapto...,"₹69,990"
HP Intel Core i7 13th Gen 13620H - (16 GB/512 GB SSD/Windows 11 Home) 15-fr0046TU Thin and Light Lapto...,
HP Intel Core i7 13th Gen 13620H - (16 GB/512 GB SSD/Windows 11 Home) 15-fr0046TU Thin and Light Lapto...,
Samsung Galaxy Book4 Edge Series Copilot AI-PC Full Metal Chasis Snapdragon X - (16 GB/512 GB SSD/Wind...,"₹16,990"
Samsung Galaxy Book4 Edge Series Copilot AI-PC Full Metal Chasis Snapdragon X - (16 GB/512 GB SSD/Wind...,"₹59,990"
Samsung Galaxy Book4 Edge Series Copilot AI-PC Full Metal Chasis Snapdragon X - (16 GB/512 GB SSD/Wind...,"₹45,980"
Samsung Galaxy Book4 Edge Series Copilot AI-PC Full Metal Chasis Snapdragon X - (16 GB/512 GB SSD/Wind...,"₹39,990"
Samsung Galaxy Book4 Edge Series Copilot AI-PC Full Metal Chasis Snapdragon X - (16 GB/512 GB SSD/Wind...,"₹49,990"
Samsung Galaxy Book4 Edge Series Copilot AI-PC Full Metal Chasis Snapdragon X - (16 GB/512 GB SSD/Wind...,"₹20,990"
Samsung Galaxy Book4 Edge Series Copilot AI-PC Full Metal Chasis Snapdragon X - (16 GB/512 GB SSD/Wind...,"₹16,990"
Samsung Galaxy Book4 Edge Series Copilot AI-PC Full Metal Chasis Snapdragon X - (16 GB/512 GB SSD/Wind...,"₹59,990"
Samsung Galaxy Book4 Edge Series Copilot AI-PC Full Metal Chasis Snapdragon X - (16 GB/512 GB SSD/Wind...,"₹59,990"
Samsung Galaxy Book4 Edge Series Copilot AI-PC Full Metal Chasis Snapdragon X - (16 GB/512 GB SSD/Wind...,"₹44,990"
Samsung Galaxy Book4 Edge Series Copilot AI-PC Full Metal Chasis Snapdragon X - (16 GB/512 GB SSD/Wind...,"₹14,990"
Samsung Galaxy Book4 Edge Series Copilot AI-PC Full Metal Chasis Snapdragon X - (16 GB/512 GB SSD/Wind...,"₹15,990"
Samsung Galaxy Book4 Edge Series Copilot AI-PC Full Metal Chasis Snapdragon X - (16 GB/512 GB SSD/Wind...,"₹24,490"
Samsung Galaxy Book4 Edge Series Copilot AI-PC Full Metal Chasis Snapdragon X - (16 GB/512 GB SSD/Wind...,"₹46,990"
Samsung Galaxy Book4 Edge Series Copilot AI-PC Full Metal Chasis Snapdragon X - (16 GB/512 GB SSD/Wind...,"₹49,990"
Samsung Galaxy Book4 Edge Series Copilot AI-PC Full Metal Chasis Snapdragon X - (16 GB/512 GB SSD/Wind...,"₹45,990"
Samsung Galaxy Book4 Edge Series Copilot AI-PC Full Metal Chasis Snapdragon X - (16 GB/512 GB SSD/Wind...,"₹17,990"
Samsung Galaxy Book4 Edge Series Copilot AI-PC Full Metal Chasis Snapdragon X - (16 GB/512 GB SSD/Wind...,"₹59,990"
Samsung Galaxy Book4 Edge Series Copilot AI-PC Full Metal Chasis Snapdragon X - (16 GB/512 GB SSD/Wind...,"₹64,990"
Samsung Galaxy Book4 Edge Series Copilot AI-PC Full Metal Chasis Snapdragon X - (16 GB/512 GB SSD/Wind...,"₹69,990"
Samsung Galaxy Book4 Edge Series Copilot AI-PC Full Metal Chasis Snapdragon X - (16 GB/512 GB SSD/Wind...,"₹67,990"
Samsung Galaxy Book4 Edge Series Copilot AI-PC Full Metal Chasis Snapdragon X - (16 GB/512 GB SSD/Wind...,"₹59,999"
Samsung Galaxy Book4 Edge Series Copilot AI-PC Full Metal Chasis Snapdragon X - (16 GB/512 GB SSD/Wind...,"₹54,990"
Samsung Galaxy Book4 Edge Series Copilot AI-PC Full Metal Chasis Snapdragon X - (16 GB/512 GB SSD/Wind...,"₹69,990"
Samsung Galaxy Book4 Edge Series Copilot AI-PC Full Metal Chasis Snapdragon X - (16 GB/512 GB SSD/Wind...,
Samsung Galaxy Book4 Edge Series Copilot AI-PC Full Metal Chasis Snapdragon X - (16 GB/512 GB SSD/Wind...,
Lenovo IdeaPad Slim 3 Next Gen AI PC WUXGA IPS Copilot + PC with 1Yr ADP Snapdragon X - (16 GB/512 GB ...,"₹16,990"
Lenovo IdeaPad Slim 3 Next Gen AI PC WUXGA IPS Copilot + PC with 1Yr ADP Snapdragon X - (16 GB/512 GB ...,"₹59,990"
Lenovo IdeaPad Slim 3 Next Gen AI PC WUXGA IPS Copilot + PC with 1Yr ADP Snapdragon X - (16 GB/512 GB ...,"₹45,980"
Lenovo IdeaPad Slim 3 Next Gen AI PC WUXGA IPS Copilot + PC with 1Yr ADP Snapdragon X - (16 GB/512 GB ...,"₹39,990"
Lenovo IdeaPad Slim 3 Next Gen AI PC WUXGA IPS Copilot + PC with 1Yr ADP Snapdragon X - (16 GB/512 GB ...,"₹49,990"
Lenovo IdeaPad Slim 3 Next Gen AI PC WUXGA IPS Copilot + PC with 1Yr ADP Snapdragon X - (16 GB/512 GB ...,"₹20,990"
Lenovo IdeaPad Slim 3 Next Gen AI PC WUXGA IPS Copilot + PC with 1Yr ADP Snapdragon X - (16 GB/512 GB ...,"₹16,990"
Lenovo IdeaPad Slim 3 Next Gen AI PC WUXGA IPS Copilot + PC with 1Yr ADP Snapdragon X - (16 GB/512 GB ...,"₹59,990"
Lenovo IdeaPad Slim 3 Next Gen AI PC WUXGA IPS Copilot + PC with 1Yr ADP Snapdragon X - (16 GB/512 GB ...,"₹59,990"
Lenovo IdeaPad Slim 3 Next Gen AI PC WUXGA IPS Copilot + PC with 1Yr ADP Snapdragon X - (16 GB/512 GB ...,"₹44,990"
Lenovo IdeaPad Slim 3 Next Gen AI PC WUXGA IPS Copilot + PC with 1Yr ADP Snapdragon X - (16 GB/512 GB ...,"₹14,990"
Lenovo IdeaPad Slim 3 Next Gen AI PC WUXGA IPS Copilot + PC with 1Yr ADP Snapdragon X - (16 GB/512 GB ...,"₹15,990"
Lenovo IdeaPad Slim 3 Next Gen AI PC WUXGA IPS Copilot + PC with 1Yr ADP Snapdragon X - (16 GB/512 GB ...,"₹24,490"
Lenovo IdeaPad Slim 3 Next Gen AI PC WUXGA IPS Copilot + PC with 1Yr ADP Snapdragon X - (16 GB/512 GB ...,"₹46,990"
Lenovo IdeaPad Slim 3 Next Gen AI PC WUXGA IPS Copilot + PC with 1Yr ADP Snapdragon X - (16 GB/512 GB ...,"₹49,990"
Lenovo IdeaPad Slim 3 Next Gen AI PC WUXGA IPS Copilot + PC with 1Yr ADP Snapdragon X - (16 GB/512 GB ...,"₹45,990"
Lenovo IdeaPad Slim 3 Next Gen AI PC WUXGA IPS Copilot + PC with 1Yr ADP Snapdragon X - (16 GB/512 GB ...,"₹17,990"
Lenovo IdeaPad Slim 3 Next Gen AI PC WUXGA IPS Copilot + PC with 1Yr ADP Snapdragon X - (16 GB/512 GB ...,"₹59,990"
Lenovo IdeaPad Slim 3 Next Gen AI PC WUXGA IPS Copilot + PC with 1Yr ADP Snapdragon X - (16 GB/512 GB ...,"₹64,990"
Lenovo IdeaPad Slim 3 Next Gen AI PC WUXGA IPS Copilot + PC with 1Yr ADP Snapdragon X - (16 GB/512 GB ...,"₹69,990"
Lenovo IdeaPad Slim 3 Next Gen AI PC WUXGA IPS Copilot + PC with 1Yr ADP Snapdragon X - (16 GB/512 GB ...,"₹67,990"
Lenovo IdeaPad Slim 3 Next Gen AI PC WUXGA IPS Copilot + PC with 1Yr ADP Snapdragon X - (16 GB/512 GB ...,"₹59,999"
Lenovo IdeaPad Slim 3 Next Gen AI PC WUXGA IPS Copilot + PC with 1Yr ADP Snapdragon X - (16 GB/512 GB ...,"₹54,990"
Lenovo IdeaPad Slim 3 Next Gen AI PC WUXGA IPS Copilot + PC with 1Yr ADP Snapdragon X - (16 GB/512 GB ...,"₹69,990"
Lenovo IdeaPad Slim 3 Next Gen AI PC WUXGA IPS Copilot + PC with 1Yr ADP Snapdragon X - (16 GB/512 GB ...,
Lenovo IdeaPad Slim 3 Next Gen AI PC WUXGA IPS Copilot + PC with 1Yr ADP Snapdragon X - (16 GB/512 GB ...,
Lenovo IdeaPad Slim 3 with 1Yr ADP Intel Core i5 12th Gen 12450H - (16 GB/512 GB SSD/Windows 11 Home) ...,"₹16,990"
Lenovo IdeaPad Slim 3 with 1Yr ADP Intel Core i5 12th Gen 12450H - (16 GB/512 GB SSD/Windows 11 Home) ...,"₹59,990"
Lenovo IdeaPad Slim 3 with 1Yr ADP Intel Core i5 12th Gen 12450H - (16 GB/512 GB SSD/Windows 11 Home) ...,"₹45,980"
Lenovo IdeaPad Slim 3 with 1Yr ADP Intel Core i5 12th Gen 12450H - (16 GB/512 GB SSD/Windows 11 Home) ...,"₹39,990"
Lenovo IdeaPad Slim 3 with 1Yr ADP Intel Core i5 12th Gen 12450H - (16 GB/512 GB SSD/Windows 11 Home) ...,"₹49,990"
Lenovo IdeaPad Slim 3 with 1Yr ADP Intel Core i5 12th Gen 12450H - (16 GB/512 GB SSD/Windows 11 Home) ...,"₹20,990"
Lenovo IdeaPad Slim 3 with 1Yr ADP Intel Core i5 12th Gen 12450H - (16 GB/512 GB SSD/Windows 11 Home) ...,"₹16,990"
Lenovo IdeaPad Slim 3 with 1Yr ADP Intel Core i5 12th Gen 12450H - (16 GB/512 GB SSD/Windows 11 Home) ...,"₹59,990"
Lenovo IdeaPad Slim 3 with 1Yr ADP Intel Core i5 12th Gen 12450H - (16 GB/512 GB SSD/Windows 11 Home) ...,"₹59,990"
Lenovo IdeaPad Slim 3 with 1Yr ADP Intel Core i5 12th Gen 12450H - (16 GB/512 GB SSD/Windows 11 Home) ...,"₹44,990"
Lenovo IdeaPad Slim 3 with 1Yr ADP Intel Core i5 12th Gen 12450H - (16 GB/512 GB SSD/Windows 11 Home) ...,"₹14,990"
Lenovo IdeaPad Slim 3 with 1Yr ADP Intel Core i5 12th Gen 12450H - (16 GB/512 GB SSD/Windows 11 Home) ...,"₹15,990"
Lenovo IdeaPad Slim 3 with 1Yr ADP Intel Core i5 12th Gen 12450H - (16 GB/512 GB SSD/Windows 11 Home) ...,"₹24,490"
Lenovo IdeaPad Slim 3 with 1Yr ADP Intel Core i5 12th Gen 12450H - (16 GB/512 GB SSD/Windows 11 Home) ...,"₹46,990"
Lenovo IdeaPad Slim 3 with 1Yr ADP Intel Core i5 12th Gen 12450H - (16 GB/512 GB SSD/Windows 11 Home) ...,"₹49,990"
Lenovo IdeaPad Slim 3 with 1Yr ADP Intel Core i5 12th Gen 12450H - (16 GB/512 GB SSD/Windows 11 Home) ...,"₹45,990"
Lenovo IdeaPad Slim 3 with 1Yr ADP Intel Core i5 12th Gen 12450H - (16 GB/512 GB SSD/Windows 11 Home) ...,"₹17,990"
Lenovo IdeaPad Slim 3 with 1Yr ADP Intel Core i5 12th Gen 12450H - (16 GB/512 GB SSD/Windows 11 Home) ...,"₹59,990"
Lenovo IdeaPad Slim 3 with 1Yr ADP Intel Core i5 12th Gen 12450H - (16 GB/512 GB SSD/Windows 11 Home) ...,"₹64,990"
Lenovo IdeaPad Slim 3 with 1Yr ADP Intel Core i5 12th Gen 12450H - (16 GB/512 GB SSD/Windows 11 Home) ...,"₹69,990"
Lenovo IdeaPad Slim 3 with 1Yr ADP Intel Core i5 12th Gen 12450H - (16 GB/512 GB SSD/Windows 11 Home) ...,"₹67,990"
Lenovo IdeaPad Slim 3 with 1Yr ADP Intel Core i5 12th Gen 12450H - (16 GB/512 GB SSD/Windows 11 Home) ...,"₹59,999"
Lenovo IdeaPad Slim 3 with 1Yr ADP Intel Core i5 12th Gen 12450H - (16 GB/512 GB SSD/Windows 11 Home) ...,"₹54,990"
Lenovo IdeaPad Slim 3 with 1Yr ADP Intel Core i5 12th Gen 12450H - (16 GB/512 GB SSD/Windows 11 Home) ...,"₹69,990"
Lenovo IdeaPad Slim 3 with 1Yr ADP Intel Core i5 12th Gen 12450H - (16 GB/512 GB SSD/Windows 11 Home) ...,
Lenovo IdeaPad Slim 3 with 1Yr ADP Intel Core i5 12th Gen 12450H - (16 GB/512 GB SSD/Windows 11 Home) ...,
HP OmniBook 5 OLED Next-Gen AI Laptop Snapdragon X - (16 GB/1 TB SSD/Windows 11 Home) 16-fb0001QU Thin...,"₹16,990"
HP OmniBook 5 OLED Next-Gen AI Laptop Snapdragon X - (16 GB/1 TB SSD/Windows 11 Home) 16-fb0001QU Thin...,"₹59,990"
HP OmniBook 5 OLED Next-Gen AI Laptop Snapdragon X - (16 GB/1 TB SSD/Windows 11 Home) 16-fb0001QU Thin...,"₹45,980"
HP OmniBook 5 OLED Next-Gen AI Laptop Snapdragon X - (16 GB/1 TB SSD/Windows 11 Home) 16-fb0001QU Thin...,"₹39,990"
HP OmniBook 5 OLED Next-Gen AI Laptop Snapdragon X - (16 GB/1 TB SSD/Windows 11 Home) 16-fb0001QU Thin...,"₹49,990"
HP OmniBook 5 OLED Next-Gen AI Laptop Snapdragon X - (16 GB/1 TB SSD/Windows 11 Home) 16-fb0001QU Thin...,"₹20,990"
HP OmniBook 5 OLED Next-Gen AI Laptop Snapdragon X - (16 GB/1 TB SSD/Windows 11 Home) 16-fb0001QU Thin...,"₹16,990"
HP OmniBook 5 OLED Next-Gen AI Laptop Snapdragon X - (16 GB/1 TB SSD/Windows 11 Home) 16-fb0001QU Thin...,"₹59,990"
HP OmniBook 5 OLED Next-Gen AI Laptop Snapdragon X - (16 GB/1 TB SSD/Windows 11 Home) 16-fb0001QU Thin...,"₹59,990"
HP OmniBook 5 OLED Next-Gen AI Laptop Snapdragon X - (16 GB/1 TB SSD/Windows 11 Home) 16-fb0001QU Thin...,"₹44,990"
HP OmniBook 5 OLED Next-Gen AI Laptop Snapdragon X - (16 GB/1 TB SSD/Windows 11 Home) 16-fb0001QU Thin...,"₹14,990"
HP OmniBook 5 OLED Next-Gen AI Laptop Snapdragon X - (16 GB/1 TB SSD/Windows 11 Home) 16-fb0001QU Thin...,"₹15,990"
HP OmniBook 5 OLED Next-Gen AI Laptop Snapdragon X - (16 GB/1 TB SSD/Windows 11 Home) 16-fb0001QU Thin...,"₹24,490"
HP OmniBook 5 OLED Next-Gen AI Laptop Snapdragon X - (16 GB/1 TB SSD/Windows 11 Home) 16-fb0001QU Thin...,"₹46,990"
HP OmniBook 5 OLED Next-Gen AI Laptop Snapdragon X - (16 GB/1 TB SSD/Windows 11 Home) 16-fb0001QU Thin...,"₹49,990"
HP OmniBook 5 OLED Next-Gen AI Laptop Snapdragon X - (16 GB/1 TB SSD/Windows 11 Home) 16-fb0001QU Thin...,"₹45,990"
HP OmniBook 5 OLED Next-Gen AI Laptop Snapdragon X - (16 GB/1 TB SSD/Windows 11 Home) 16-fb0001QU Thin...,"₹17,990"
HP OmniBook 5 OLED Next-Gen AI Laptop Snapdragon X - (16 GB/1 TB SSD/Windows 11 Home) 16-fb0001QU Thin...,"₹59,990"
HP OmniBook 5 OLED Next-Gen AI Laptop Snapdragon X - (16 GB/1 TB SSD/Windows 11 Home) 16-fb0001QU Thin...,"₹64,990"
HP OmniBook 5 OLED Next-Gen AI Laptop Snapdragon X - (16 GB/1 TB SSD/Windows 11 Home) 16-fb0001QU Thin...,"₹69,990"
HP OmniBook 5 OLED Next-Gen AI Laptop Snapdragon X - (16 GB/1 TB SSD/Windows 11 Home) 16-fb0001QU Thin...,"₹67,990"
HP OmniBook 5 OLED Next-Gen AI Laptop Snapdragon X - (16 GB/1 TB SSD/Windows 11 Home) 16-fb0001QU Thin...,"₹59,999"
HP OmniBook 5 OLED Next-Gen AI Laptop Snapdragon X - (16 GB/1 TB SSD/Windows 11 Home) 16-fb0001QU Thin...,"₹54,990"
HP OmniBook 5 OLED Next-Gen AI Laptop Snapdragon X - (16 GB/1 TB SSD/Windows 11 Home) 16-fb0001QU Thin...,"₹69,990"
HP OmniBook 5 OLED Next-Gen AI Laptop Snapdragon X - (16 GB/1 TB SSD/Windows 11 Home) 16-fb0001QU Thin...,
HP OmniBook 5 OLED Next-Gen AI Laptop Snapdragon X - (16 GB/1 TB SSD/Windows 11 Home) 16-fb0001QU Thin...,
